"","Player","Pos","Age","Tm.x","G","GS","MP","FG","FGA","FG%","3P","3PA","3P%","2P","2PA","2P%","eFG%","FT","FTA","FT%","ORB","DRB","TRB","AST","STL","BLK","TOV","PF","PTS","salary18_19"
"1","Aaron Gordon","PF",23,"ORL",78,78,33.8,6,13.4,0.449,1.6,4.4,0.349,4.5,9,0.499,0.507,2.4,3.2,0.731,1.7,5.7,7.4,3.7,0.7,0.7,2.1,2.2,16,21590909
"2","Aaron Holiday","PG",22,"IND",50,0,12.9,2.1,5.2,0.401,0.9,2.5,0.339,1.2,2.7,0.459,0.483,0.8,1,0.82,0.1,1.2,1.3,1.7,0.4,0.3,0.8,1.4,5.9,1911960
"3","Abdel Nader","SF",25,"OKC",61,1,11.4,1.5,3.5,0.423,0.5,1.6,0.32,1,1.9,0.513,0.498,0.4,0.6,0.75,0.2,1.7,1.9,0.3,0.3,0.2,0.4,1.1,4,1378242
"4","Al Horford","C",32,"BOS",68,68,29,5.7,10.6,0.535,1.1,3,0.36,4.6,7.6,0.604,0.586,1.1,1.4,0.821,1.8,5,6.7,4.2,0.9,1.3,1.5,1.9,13.6,28928710
"5","Al-Farouq Aminu","PF",28,"POR",81,81,28.3,3.2,7.3,0.433,1.2,3.5,0.343,2,3.9,0.514,0.514,1.9,2.1,0.867,1.4,6.1,7.5,1.3,0.8,0.4,0.9,1.8,9.4,6957105
"6","Alec Burks","SG",27,"TOT",64,24,21.5,3,7.4,0.405,1,2.6,0.363,2,4.8,0.428,0.469,1.8,2.2,0.823,0.5,3.2,3.7,2,0.6,0.3,1,1.4,8.8,11536515
"7","Alex Len","C",25,"ATL",77,31,20.1,4.2,8.4,0.494,1,2.6,0.363,3.2,5.8,0.554,0.551,1.8,2.8,0.648,2.1,3.5,5.5,1.1,0.4,0.9,1.3,2.6,11.1,4350000
"8","Alfonzo McKinnie","SF",26,"GSW",72,5,13.9,1.9,3.8,0.487,0.6,1.6,0.356,1.3,2.2,0.586,0.564,0.4,0.7,0.563,1.1,2.3,3.4,0.4,0.3,0.2,0.4,1.9,4.7,1349383
"9","Alize Johnson","PF",22,"IND",14,0,4.6,0.3,1.1,0.25,0.1,0.1,0.5,0.2,1,0.214,0.281,0.3,0.6,0.5,0.3,1.1,1.4,0.1,0.1,0.2,0,0.5,0.9,838464
"10","Allen Crabbe","SG",26,"BRK",43,20,26.3,3.2,8.7,0.367,2.3,6,0.378,0.9,2.7,0.342,0.499,1,1.3,0.732,0.4,3.1,3.4,1.1,0.5,0.3,1.1,2.4,9.6,18500000
"11","Allonzo Trier","SG",23,"NYK",64,3,22.8,3.6,8.1,0.448,0.8,2.1,0.394,2.8,6,0.466,0.498,2.8,3.5,0.803,0.5,2.6,3.1,1.9,0.4,0.2,1.8,1.8,10.9,3382000
"12","Amir Johnson","C",31,"PHI",51,6,10.4,1.5,3.1,0.503,0.2,0.8,0.3,1.3,2.3,0.573,0.541,0.6,0.8,0.756,0.9,2,2.9,1.2,0.3,0.3,0.9,1.9,3.9,2393887
"13","Andre Drummond","C",25,"DET",79,79,33.5,7.1,13.3,0.533,0.1,0.5,0.132,7,12.8,0.548,0.536,3.1,5.2,0.59,5.4,10.2,15.6,1.4,1.7,1.7,2.2,3.4,17.3,25434263
"14","Andre Iguodala","SF",35,"GSW",68,13,23.2,2.2,4.4,0.5,0.7,2.1,0.333,1.5,2.3,0.652,0.579,0.6,1,0.582,0.7,3,3.7,3.2,0.9,0.8,0.8,1.4,5.7,1.6e+07
"15","Andrew Harrison","PG",24,"TOT",17,0,11,0.9,3.1,0.302,0.3,1.5,0.2,0.6,1.6,0.393,0.349,1,1.1,0.944,0.4,0.8,1.2,1.4,0.2,0.1,0.7,2,3.2,2e+05
"16","Anfernee Simons","SG",19,"POR",20,1,7.1,1.4,3.2,0.444,0.5,1.5,0.345,0.9,1.7,0.529,0.524,0.5,0.8,0.563,0.2,0.5,0.7,0.7,0.1,0,0.6,0.5,3.8,1835520
"17","Anthony Davis","C",25,"NOP",56,56,33,9.5,18.3,0.517,0.9,2.6,0.331,8.6,15.7,0.547,0.54,6.1,7.7,0.794,3.1,8.9,12,3.9,1.6,2.4,2,2.4,25.9,25434263
"18","Anthony Tolliver","PF",33,"MIN",65,0,16.6,1.5,4,0.382,1.2,3.3,0.377,0.3,0.7,0.409,0.539,0.7,0.9,0.783,0.2,2.5,2.7,0.7,0.3,0.3,0.6,1.4,5,5750000
"19","Antonio Blakeney","SG",22,"CHI",57,3,14.5,2.9,6.9,0.419,0.6,1.6,0.396,2.3,5.4,0.426,0.465,0.9,1.3,0.658,0.1,1.7,1.9,0.7,0.2,0.2,0.6,0.7,7.3,1349383
"20","Aron Baynes","C",32,"BOS",51,18,16.1,2.1,4.4,0.471,0.4,1.2,0.344,1.6,3.2,0.519,0.518,1,1.2,0.855,1.7,3,4.7,1.1,0.2,0.7,0.8,2.5,5.6,5193600
"21","Austin Rivers","SG",26,"TOT",76,15,26.7,3.1,7.5,0.406,1.4,4.3,0.318,1.7,3.2,0.522,0.497,0.7,1.3,0.526,0.3,1.8,2.1,2.2,0.6,0.3,0.9,2.7,8.1,1.2e+07
"22","Avery Bradley","SG",28,"TOT",63,63,30.2,3.9,9.7,0.408,1.4,3.9,0.351,2.6,5.8,0.446,0.479,0.7,0.8,0.86,0.7,2.1,2.8,2.4,0.7,0.3,1.4,2.7,9.9,1.2e+07
"23","B.J. Johnson","SF",23,"TOT",7,0,7,1.3,2.6,0.5,0.4,1,0.429,0.9,1.6,0.545,0.583,0.3,0.3,1,0.3,0.9,1.1,0,0.3,0,0.3,0.6,3.3,94742
"24","Ben McLemore","SG",25,"SAC",19,0,8.3,1.3,3.4,0.391,0.9,2.2,0.415,0.4,1.2,0.348,0.523,0.4,0.6,0.667,0.2,0.7,0.9,0.2,0.3,0.2,0.3,1.2,3.9,5460000
"25","Ben Simmons","PG",22,"PHI",79,79,34.2,6.8,12.2,0.563,0,0.1,0,6.8,12.1,0.566,0.563,3.3,5.4,0.6,2.2,6.6,8.8,7.7,1.4,0.8,3.5,2.6,16.9,6434520
"26","Blake Griffin","PF",29,"DET",75,75,35,8.3,17.9,0.462,2.5,7,0.362,5.7,10.9,0.525,0.532,5.5,7.3,0.753,1.3,6.2,7.5,5.4,0.7,0.4,3.4,2.7,24.5,32088932
"27","Boban Marjanovic","C",30,"TOT",58,12,11.7,2.8,4.5,0.615,0.1,0.2,0.4,2.7,4.3,0.624,0.623,1.7,2.3,0.748,1.5,3.1,4.6,0.9,0.3,0.5,1,1.6,7.3,7e+06
"28","Bobby Portis","PF",23,"TOT",50,28,26,5.6,12.6,0.444,1.5,3.8,0.393,4.1,8.7,0.467,0.504,1.5,1.9,0.794,2.2,5.9,8.1,1.4,0.7,0.4,1.5,2.9,14.2,2494346
"29","Bogdan Bogdanovic","SG",26,"SAC",70,17,27.8,5.2,12.3,0.418,1.9,5.3,0.36,3.2,7,0.462,0.496,1.9,2.3,0.827,0.6,2.9,3.5,3.8,1,0.2,1.7,2,14.1,9e+06
"30","Bojan Bogdanovic","SF",29,"IND",81,81,31.8,6.4,13,0.497,2,4.8,0.425,4.4,8.2,0.538,0.575,3,3.8,0.807,0.4,3.7,4.1,2,0.9,0,1.7,1.7,18,10500000
"31","Brad Wanamaker","PG",29,"BOS",36,0,9.5,1.4,2.9,0.476,0.4,1.1,0.41,0.9,1.8,0.515,0.552,0.7,0.8,0.857,0.1,1.1,1.1,1.6,0.3,0.1,0.5,0.9,3.9,838464
"32","Bradley Beal","SG",25,"WAS",82,82,36.9,9.3,19.6,0.475,2.5,7.3,0.351,6.8,12.4,0.548,0.54,4.4,5.5,0.808,1.1,3.9,5,5.5,1.5,0.7,2.7,2.8,25.6,25434263
"33","Brandon Ingram","SF",21,"LAL",52,52,33.8,7,14,0.497,0.6,1.8,0.33,6.4,12.2,0.521,0.518,3.8,5.6,0.675,0.8,4.3,5.1,3,0.5,0.6,2.5,2.9,18.3,5757120
"34","Brandon Knight","PG",27,"TOT",39,26,18.9,2.5,6.7,0.381,1.1,3.3,0.318,1.5,3.4,0.443,0.46,0.7,0.9,0.794,0.3,1.3,1.5,1.8,0.5,0.1,0.8,1.6,6.8,14631250
"35","Brook Lopez","C",30,"MIL",81,81,28.7,4.4,9.7,0.452,2.3,6.3,0.365,2.1,3.4,0.613,0.571,1.4,1.6,0.842,0.4,4.5,4.9,1.2,0.6,2.2,1,2.3,12.5,3382000
"36","Bruce Brown","SG",22,"DET",74,56,19.6,1.7,4.2,0.398,0.3,1.3,0.258,1.4,3,0.457,0.436,0.6,0.8,0.75,0.6,1.9,2.5,1.2,0.5,0.5,0.6,2.4,4.3,838464
"37","Bruno Caboclo","SF",23,"MEM",34,19,23.5,2.8,6.6,0.427,1.4,3.8,0.369,1.4,2.8,0.505,0.533,1.2,1.5,0.84,1.2,3.4,4.6,1.5,0.4,1,1.1,2.4,8.3,487000
"38","Bryn Forbes","SG",25,"SAS",82,81,28,4.4,9.6,0.456,2.1,5,0.426,2.3,4.6,0.489,0.568,0.8,1,0.885,0.2,2.7,2.9,2.1,0.5,0,1,1.9,11.8,3125000
"39","Buddy Hield","SG",26,"SAC",82,82,31.9,7.6,16.6,0.458,3.4,7.9,0.427,4.2,8.6,0.487,0.56,2.1,2.4,0.886,1.3,3.7,5,2.5,0.7,0.4,1.8,2.5,20.7,3833760
"40","C.J. Miles","SF",31,"TOT",53,1,16.2,2.1,5.9,0.36,1.3,3.8,0.33,0.8,2,0.417,0.468,0.9,1.1,0.828,0.2,1.5,1.8,0.7,0.5,0.3,0.6,1.5,6.4,8333333
"41","Caleb Swanigan","PF",21,"TOT",21,0,8.5,0.9,2.5,0.34,0,0.3,0.143,0.8,2.2,0.37,0.349,0.3,0.4,0.667,0.8,2.2,3,0.5,0.3,0,0.9,1.3,2,1740000
"42","Cameron Payne","PG",24,"TOT",40,13,17.8,2.4,5.6,0.43,0.6,2.1,0.298,1.8,3.5,0.511,0.487,0.8,1,0.805,0.3,1.5,1.8,2.7,0.7,0.2,1.1,1.6,6.3,3263295
"43","Cameron Reynolds","SG",23,"MIN",19,0,13.6,1.7,4.1,0.423,1.1,2.7,0.412,0.6,1.4,0.444,0.558,0.4,0.5,0.889,0.2,1.4,1.6,0.7,0.3,0.1,0.3,1.4,5,94742
"44","Caris LeVert","SF",24,"BRK",40,25,26.6,5.2,12.1,0.429,1.2,3.9,0.312,4,8.2,0.483,0.478,2.1,3.1,0.691,0.9,2.9,3.8,3.9,1.1,0.4,1.7,1.9,13.7,1702800
"45","Carmelo Anthony","PF",34,"HOU",10,2,29.4,4.9,12.1,0.405,2.1,6.4,0.328,2.8,5.7,0.491,0.492,1.5,2.2,0.682,0.9,4.5,5.4,0.5,0.4,0.7,0.8,3.2,13.4,25534253
"46","Cedi Osman","SF",23,"CLE",76,75,32.2,4.7,11.1,0.427,1.7,4.9,0.348,3,6.2,0.489,0.504,1.9,2.4,0.779,0.6,4.1,4.7,2.6,0.8,0.1,1.5,2.6,13,2775000
"47","Chandler Hutchison","SF",22,"CHI",44,14,20.3,2.2,4.8,0.459,0.3,1.1,0.28,1.9,3.6,0.516,0.493,0.5,0.9,0.605,0.7,3.5,4.2,0.8,0.5,0.1,0.6,1.3,5.2,1991520
"48","Chandler Parsons","SF",30,"MEM",25,3,19.8,2.7,7.3,0.374,1.2,3.8,0.309,1.6,3.5,0.443,0.453,0.9,1,0.88,0.2,2.6,2.8,1.7,0.8,0.2,1.3,1.8,7.5,24107258
"49","Channing Frye","C",35,"CLE",36,6,9.5,1.2,3.3,0.368,0.9,2.2,0.405,0.3,1.1,0.289,0.504,0.3,0.4,0.786,0.1,1.3,1.4,0.6,0.2,0.1,0.4,1.2,3.6,2393887
"50","Chasson Randle","PG",25,"WAS",49,2,15.2,1.9,4.4,0.419,0.9,2.3,0.4,0.9,2.1,0.441,0.525,0.9,1.3,0.694,0.2,0.9,1.1,2,0.5,0.1,0.9,1.9,5.5,869094
"51","Cheick Diallo","PF",22,"NOP",64,1,14,2.6,4.2,0.62,0,0.1,0.25,2.6,4.2,0.625,0.622,0.8,1,0.746,1.2,4,5.2,0.5,0.5,0.5,0.8,1.8,6,1544951
"52","Chimezie Metu","PF",21,"SAS",29,0,5,0.7,2,0.328,0,0.1,0,0.7,1.9,0.339,0.328,0.4,0.6,0.765,0.3,0.9,1.2,0.4,0.2,0.1,0.5,0.5,1.8,838464
"53","Chris Boucher","PF",26,"TOR",28,0,5.8,1.2,2.7,0.447,0.4,1.3,0.324,0.8,1.4,0.564,0.526,0.5,0.5,0.867,0.6,1.4,2,0.1,0.2,0.9,0.3,1.1,3.3,457418
"54","Chris Paul","PG",33,"HOU",58,58,32,5.2,12.4,0.419,2.2,6.1,0.358,3,6.3,0.479,0.508,3,3.5,0.862,0.6,3.9,4.6,8.2,2,0.3,2.6,2.5,15.6,35654150
"55","Christian Wood","PF",23,"TOT",21,2,12,2.9,5.6,0.521,0.4,1.2,0.346,2.5,4.3,0.571,0.56,2,2.7,0.732,0.8,3.1,4,0.4,0.3,0.5,0.8,0.8,8.2,1512601
"56","CJ McCollum","SG",27,"POR",70,70,33.9,8.2,17.8,0.459,2.4,6.4,0.375,5.8,11.4,0.506,0.527,2.3,2.7,0.828,0.9,3.1,4,3,0.8,0.4,1.5,2.5,21,25759766
"57","Cody Zeller","C",26,"CHO",49,47,25.4,3.9,7,0.551,0.1,0.4,0.273,3.8,6.6,0.57,0.559,2.3,2.9,0.787,2.2,4.6,6.8,2.1,0.8,0.8,1.3,3.3,10.1,13528090
"58","Collin Sexton","PG",20,"CLE",82,72,31.8,6.3,14.7,0.43,1.5,3.6,0.402,4.9,11.1,0.44,0.48,2.6,3.1,0.839,0.7,2.2,2.9,3,0.5,0.1,2.3,2.3,16.7,4068600
"59","Corey Brewer","SF",32,"TOT",31,3,15.9,1.7,4,0.431,0.5,1.4,0.318,1.3,2.5,0.494,0.488,1,1.4,0.721,0.8,1.6,2.5,1.3,1,0.2,0.6,2,4.9,2e+06
"60","Cory Joseph","PG",27,"IND",82,9,25.2,2.8,6.7,0.412,0.7,2.1,0.322,2.1,4.6,0.454,0.463,0.4,0.5,0.698,0.5,2.9,3.4,3.9,1.1,0.3,1,1.6,6.5,7945000
"61","Courtney Lee","SG",33,"TOT",34,6,12.6,1.6,3.8,0.411,0.5,1.6,0.291,1.1,2.2,0.5,0.473,0.4,0.6,0.667,0.3,1.3,1.6,1.1,0.6,0.1,0.4,0.9,4,12253780
"62","Cristiano Felicio","C",26,"CHI",60,0,12.4,1.6,3,0.531,0,0.1,0,1.6,2.9,0.543,0.531,0.8,1.2,0.685,1.3,2.3,3.6,0.6,0.2,0.1,0.6,1.2,4,8470980
"63","D.J. Wilson","PF",22,"MIL",48,3,18.4,2.2,5.2,0.414,1,2.6,0.362,1.2,2.6,0.468,0.506,0.5,1,0.553,0.9,3.7,4.6,1.1,0.4,0.4,0.7,1.8,5.8,2534280
"64","D'Angelo Russell","PG",22,"BRK",81,81,30.2,8.1,18.7,0.434,2.9,7.8,0.369,5.2,10.9,0.482,0.512,2,2.5,0.78,0.7,3.2,3.9,7,1.2,0.2,3.1,1.7,21.1,7019698
"65","Damian Lillard","PG",28,"POR",80,80,35.5,8.5,19.2,0.444,3,8,0.369,5.6,11.1,0.499,0.522,5.9,6.4,0.912,0.9,3.8,4.6,6.9,1.1,0.4,2.7,1.9,25.8,27977689
"66","Damyean Dotson","SG",24,"NYK",73,40,27.5,4,9.6,0.415,1.7,4.7,0.368,2.2,4.9,0.461,0.506,1,1.3,0.745,0.5,3.1,3.6,1.8,0.8,0.1,1,1.8,10.7,1378242
"67","Daniel Hamilton","SG",23,"ATL",19,3,10.7,1.2,3.2,0.383,0.4,1.2,0.348,0.8,1.9,0.405,0.45,0.2,0.3,0.5,0.5,1.9,2.5,1.2,0.3,0.1,0.8,1,3,1349383
"68","Daniel Theis","C",26,"BOS",66,2,13.8,2.2,4,0.549,0.4,1,0.388,1.8,3,0.603,0.598,0.8,1.2,0.737,1.3,2.1,3.4,1,0.3,0.6,0.5,2.4,5.7,1378242
"69","Danilo Gallinari","SF",30,"LAC",68,68,30.3,6,13,0.463,2.4,5.5,0.433,3.6,7.5,0.484,0.554,5.4,6,0.904,0.8,5.3,6.1,2.6,0.7,0.3,1.5,1.9,19.8,21587579
"70","Danny Green","SG",31,"TOR",80,80,27.7,3.7,7.9,0.465,2.5,5.4,0.455,1.2,2.4,0.487,0.622,0.5,0.6,0.841,0.8,3.2,4,1.6,0.9,0.7,0.9,2.1,10.3,1e+07
"71","Dante Cunningham","PF",31,"SAS",64,21,14.5,1.2,2.5,0.475,0.5,1,0.462,0.7,1.5,0.484,0.57,0.2,0.3,0.778,0.8,2.2,2.9,0.8,0.4,0.2,0.3,1.1,3,2500000
"72","Dante Exum","PG",23,"UTA",42,1,15.8,2.4,5.7,0.419,0.4,1.5,0.29,2,4.3,0.464,0.456,1.6,2,0.791,0.4,1.2,1.6,2.6,0.3,0.1,1.2,1.6,6.9,9600000
"73","Dario Saric","PF",24,"TOT",81,41,25,3.8,8.6,0.437,1.5,4,0.365,2.3,4.6,0.499,0.522,1.6,1.9,0.88,1.6,4.1,5.6,1.6,0.6,0.1,1.2,2.2,10.6,2526840
"74","Darius Miller","SF",28,"NOP",69,15,25.5,2.7,7,0.39,1.9,5.3,0.365,0.8,1.7,0.467,0.528,0.8,1,0.789,0.2,1.7,1.9,2.1,0.6,0.3,0.9,2.4,8.2,2205000
"75","Darren Collison","PG",31,"IND",76,76,28.2,4.1,8.7,0.467,1,2.6,0.407,3,6.1,0.492,0.527,2.1,2.5,0.832,0.5,2.6,3.1,6,1.4,0.1,1.6,1.8,11.2,1e+07
"76","David Nwaba","SG",26,"CLE",51,14,19.3,2.5,5.1,0.481,0.5,1.5,0.32,2,3.7,0.545,0.527,1.1,1.7,0.682,0.8,2.4,3.2,1.1,0.7,0.3,0.6,2.1,6.5,1512601
"77","Davis Bertans","PF",26,"SAS",76,12,21.5,2.7,6,0.45,1.9,4.4,0.429,0.8,1.5,0.513,0.61,0.7,0.8,0.883,0.3,3.2,3.5,1.3,0.5,0.4,0.6,1.8,8,7e+06
"78","De'Aaron Fox","PG",21,"SAC",81,81,31.4,6.2,13.6,0.458,1.1,2.9,0.371,5.2,10.7,0.482,0.497,3.7,5.1,0.727,0.5,3.2,3.8,7.3,1.6,0.6,2.8,2.5,17.3,5470920
"79","De'Anthony Melton","PG",20,"PHO",50,31,19.7,2,5.1,0.391,0.6,1.9,0.305,1.4,3.2,0.441,0.447,0.4,0.6,0.75,0.5,2.2,2.7,3.2,1.4,0.5,1.5,2.3,5,949000
"80","Deandre Ayton","C",20,"PHO",71,70,30.7,7.2,12.3,0.585,0,0.1,0,7.2,12.2,0.588,0.585,2,2.7,0.746,3.1,7.1,10.3,1.8,0.9,0.9,1.8,2.9,16.3,8165160
"81","DeAndre' Bembry","SG",24,"ATL",82,15,23.5,3.4,7.5,0.446,0.6,2.1,0.289,2.7,5.4,0.508,0.487,1.1,1.7,0.64,0.7,3.7,4.4,2.5,1.3,0.5,1.7,2.3,8.4,1634640
"82","Delon Wright","PG",26,"TOT",75,13,22.7,3.2,7.4,0.434,0.7,2.2,0.298,2.6,5.2,0.492,0.478,1.6,2,0.793,0.9,2.6,3.5,3.3,1.2,0.4,1,1.4,8.7,2536898
"83","DeMar DeRozan","SG",29,"SAS",77,77,34.9,8.2,17.1,0.481,0.1,0.6,0.156,8.1,16.5,0.492,0.483,4.8,5.7,0.83,0.7,5.3,6,6.2,1.1,0.5,2.6,2.3,21.2,27739975
"84","DeMarcus Cousins","C",28,"GSW",30,30,25.7,5.9,12.4,0.48,0.9,3.2,0.274,5.1,9.2,0.551,0.515,3.5,4.8,0.736,1.4,6.8,8.2,3.6,1.3,1.5,2.4,3.6,16.3,5337000
"85","DeMarre Carroll","PF",32,"BRK",67,8,25.4,3.4,8.6,0.395,1.6,4.6,0.342,1.8,4,0.457,0.487,2.7,3.6,0.76,1,4.2,5.2,1.3,0.5,0.1,1.1,1.7,11.1,15400000
"86","Demetrius Jackson","PG",24,"PHI",6,0,6.5,1.3,2.5,0.533,0.3,1,0.333,1,1.5,0.667,0.6,0.7,0.7,1,0.3,0.2,0.5,0.8,0.3,0,0.2,0.7,3.7,92857
"87","Dennis Schroder","PG",25,"OKC",79,14,29.3,5.8,14,0.414,1.6,4.6,0.341,4.2,9.4,0.45,0.47,2.4,2.9,0.819,0.5,3.1,3.6,4.1,0.8,0.2,2.2,2.4,15.5,15500000
"88","Dennis Smith","PG",21,"TOT",53,50,28.5,5.2,12.3,0.428,1.3,3.9,0.322,4,8.3,0.477,0.479,1.9,2.9,0.635,0.6,2.3,2.9,4.8,1.3,0.4,2.9,2.4,13.6,3819960
"89","Derrick Favors","C",27,"UTA",76,70,23.2,4.8,8.1,0.586,0.2,1,0.218,4.6,7.1,0.64,0.6,2,3,0.675,2.7,4.6,7.4,1.2,0.7,1.4,1.1,2.1,11.8,16900000
"90","Derrick Jones","SF",21,"MIA",60,14,19.2,2.7,5.4,0.494,0.5,1.5,0.308,2.2,3.9,0.567,0.537,1.2,2,0.607,1.6,2.4,4,0.6,0.8,0.7,0.7,2.1,7,1512601
"91","Derrick Rose","PG",30,"MIN",51,13,27.3,7.1,14.8,0.482,1.1,2.9,0.37,6.1,11.9,0.509,0.518,2.7,3.1,0.856,0.6,2.1,2.7,4.3,0.6,0.2,1.6,1.1,18,2176260
"92","Derrick White","PG",24,"SAS",67,55,25.8,3.9,8.1,0.479,0.7,2.1,0.338,3.2,6,0.529,0.523,1.4,1.8,0.772,0.5,3.2,3.7,3.9,1,0.7,1.4,2.2,9.9,1667160
"93","Devin Booker","SG",22,"PHO",64,64,35,9.2,19.6,0.467,2.1,6.5,0.326,7,13.1,0.536,0.521,6.1,7.1,0.866,0.6,3.5,4.1,6.8,0.9,0.2,4.1,3.1,26.6,3314365
"94","Devin Harris","PG",35,"DAL",68,2,15.8,1.9,5.1,0.38,0.9,2.9,0.31,1,2.2,0.476,0.47,1.5,2,0.761,0.2,1.5,1.6,1.8,0.5,0.2,0.8,2,6.3,2393887
"95","Devonte' Graham","PG",23,"CHO",46,3,14.7,1.6,4.7,0.343,0.7,2.6,0.281,0.9,2.1,0.421,0.421,0.8,1,0.761,0.2,1.2,1.4,2.6,0.5,0,0.7,1,4.7,988464
"96","Dewayne Dedmon","C",29,"ATL",64,52,25.1,4,8.2,0.492,1.3,3.4,0.382,2.8,4.8,0.57,0.571,1.4,1.8,0.814,1.6,5.9,7.5,1.4,1.1,1.1,1.3,3.3,10.8,7200000
"97","Deyonta Davis","C",22,"ATL",9,0,13.1,1.7,2.4,0.682,0,0.1,0,1.7,2.3,0.714,0.682,0.7,1.1,0.6,1.1,2.9,4,0.6,0.3,0.6,0.3,1.3,4,1544951
"98","Dillon Brooks","SF",23,"MEM",18,0,18.3,2.7,6.8,0.402,0.8,2.2,0.375,1.9,4.6,0.415,0.463,1.2,1.7,0.733,0.5,1.2,1.7,0.9,0.6,0.2,1.1,2.8,7.5,1378242
"99","Dion Waiters","SG",27,"MIA",44,28,25.9,4.5,10.9,0.414,2.5,6.6,0.377,2,4.3,0.471,0.528,0.5,1,0.5,0.2,2.5,2.6,2.8,0.7,0.2,1.5,1.6,12,11550000
"100","Dirk Nowitzki","PF",40,"DAL",51,20,15.6,2.6,7.4,0.359,1.3,4,0.312,1.4,3.4,0.415,0.444,0.8,1,0.78,0.1,3,3.1,0.7,0.2,0.4,0.4,1.5,7.3,5e+06
"101","Domantas Sabonis","C",22,"IND",74,5,24.8,5.6,9.5,0.59,0.1,0.2,0.529,5.5,9.2,0.592,0.596,2.8,3.9,0.715,2.5,6.8,9.3,2.9,0.6,0.4,2.2,3.2,14.1,2659800
"102","Donovan Mitchell","SG",22,"UTA",77,77,33.7,8.6,19.9,0.432,2.4,6.7,0.362,6.1,13.1,0.468,0.493,4.1,5.1,0.806,0.8,3.3,4.1,4.2,1.4,0.4,2.8,2.7,23.8,3111480
"103","Donte DiVincenzo","SG",22,"MIL",27,0,15.2,1.9,4.6,0.403,0.8,3.1,0.265,1,1.5,0.683,0.492,0.3,0.4,0.75,0.6,1.8,2.4,1.1,0.5,0.2,0.7,1.4,4.9,2481000
"104","Dorian Finney-Smith","SF",25,"DAL",81,26,24.5,2.8,6.5,0.432,1,3.1,0.311,1.8,3.4,0.544,0.507,0.9,1.3,0.709,1.7,3.1,4.8,1.2,0.9,0.4,0.9,2.3,7.5,1544951
"105","Doug McDermott","SF",27,"IND",77,1,17.4,2.7,5.5,0.491,1.1,2.7,0.408,1.6,2.8,0.569,0.59,0.9,1,0.835,0.2,1.2,1.4,0.9,0.2,0.1,0.5,1.4,7.3,7333334
"106","Dragan Bender","PF",21,"PHO",46,27,18,1.9,4.3,0.447,0.5,2.2,0.218,1.4,2.1,0.688,0.503,0.7,1.2,0.593,0.7,3.2,4,1.2,0.4,0.5,0.8,2,5,4661280
"107","Draymond Green","PF",28,"GSW",66,66,31.3,2.8,6.4,0.445,0.7,2.5,0.285,2.1,3.9,0.549,0.501,1,1.4,0.692,0.9,6.4,7.3,6.9,1.4,1.1,2.6,3,7.4,17469565
"108","Dusty Hannahs","SG",25,"MEM",2,0,13,1.5,6,0.25,0,2.5,0,1.5,3.5,0.429,0.25,1,1,1,0,0.5,0.5,2.5,0.5,0,0.5,0.5,4,47371
"109","Dwayne Bacon","SG",23,"CHO",43,13,17.7,2.8,6,0.475,0.9,2,0.437,2,4,0.494,0.549,0.8,1.1,0.739,0.2,1.9,2.1,1.1,0.3,0.1,0.4,1.7,7.3,1378242
"110","Dwight Powell","C",27,"DAL",77,22,21.6,3.8,6.3,0.597,0.5,1.6,0.307,3.3,4.7,0.699,0.637,2.5,3.3,0.772,1.8,3.5,5.3,1.5,0.6,0.6,0.9,2.6,10.6,9631250
"111","Dwyane Wade","SG",37,"MIA",72,2,26.2,5.8,13.3,0.433,1.2,3.6,0.33,4.6,9.7,0.472,0.478,2.3,3.2,0.708,1,3,4,4.2,0.8,0.5,2.3,1.6,15,2393887
"112","Dzanan Musa","SG",19,"BRK",9,0,4.3,1,2.4,0.409,0.1,1.1,0.1,0.9,1.3,0.667,0.432,0,0.2,0,0.1,0.4,0.6,0.2,0.2,0,0.4,0.1,2.1,1632240
"113","E'Twaun Moore","SG",29,"NOP",53,36,27.6,4.8,10,0.481,1.4,3.3,0.432,3.4,6.7,0.506,0.553,0.8,1.1,0.763,0.7,1.7,2.4,1.9,0.8,0.2,1.1,2.1,11.9,8808685
"114","Ed Davis","C",29,"BRK",81,1,17.9,2.3,3.7,0.616,0,0,0,2.3,3.7,0.62,0.616,1.2,2,0.617,2.7,5.9,8.6,0.8,0.4,0.4,0.8,2.8,5.8,4449000
"115","Edmond Sumner","PG",23,"IND",23,2,9.1,1,2.8,0.344,0.3,1.2,0.259,0.7,1.6,0.405,0.398,0.7,1,0.625,0.4,0.7,1,0.4,0.5,0.2,0.4,1.1,2.9,449794
"116","Elfrid Payton","PG",24,"NOP",42,42,29.8,4.3,9.8,0.434,0.8,2.5,0.314,3.5,7.3,0.476,0.475,1.3,1.8,0.743,1.2,4.1,5.2,7.6,1,0.4,2.7,1.9,10.6,3e+06
"117","Elie Okobo","PG",21,"PHO",53,16,18.1,2.2,5.5,0.393,0.7,2.5,0.295,1.4,3,0.475,0.46,0.7,0.9,0.787,0.2,1.6,1.8,2.4,0.6,0.1,1.3,2.1,5.7,1238464
"118","Emmanuel Mudiay","PG",22,"NYK",59,42,27.2,5.6,12.5,0.446,1.2,3.6,0.329,4.4,9,0.492,0.493,2.4,3.2,0.774,0.6,2.8,3.3,3.9,0.7,0.3,2.4,1.7,14.8,4294480
"119","Enes Kanter","C",26,"TOT",67,31,24.5,5.6,10.2,0.549,0.1,0.5,0.294,5.4,9.7,0.562,0.556,2.3,2.9,0.787,3.8,6,9.8,1.7,0.5,0.4,1.8,2.5,13.7,18622514
"120","Eric Bledsoe","PG",29,"MIL",78,78,29.1,6,12.4,0.484,1.6,4.8,0.329,4.4,7.6,0.582,0.548,2.3,3,0.75,1.1,3.6,4.6,5.5,1.5,0.4,2.1,2,15.9,1.5e+07
"121","Eric Gordon","SG",30,"HOU",68,53,31.7,5.6,13.8,0.409,3.2,8.8,0.36,2.5,5,0.497,0.525,1.8,2.2,0.783,0.3,1.9,2.2,1.9,0.6,0.4,1.3,2.1,16.2,13500375
"122","Ersan Ilyasova","PF",31,"MIL",67,7,18.4,2.5,5.7,0.438,0.9,2.4,0.363,1.6,3.3,0.493,0.514,0.9,1.1,0.824,1.4,3.1,4.5,0.8,0.5,0.3,0.7,2.6,6.8,7e+06
"123","Evan Turner","PG",30,"POR",73,2,22,2.8,6.1,0.46,0.2,0.7,0.212,2.6,5.4,0.494,0.473,1,1.5,0.708,0.5,4,4.5,3.9,0.5,0.2,1.6,1.5,6.8,17868852
"124","Frank Jackson","PG",20,"NOP",61,16,19.2,3.2,7.3,0.434,0.9,2.8,0.314,2.3,4.6,0.507,0.493,0.9,1.2,0.74,0.4,1.8,2.2,1.1,0.4,0,0.8,1.5,8.1,1378242
"125","Frank Kaminsky","C",25,"CHO",47,0,16.1,2.9,6.3,0.463,1.1,3,0.36,1.9,3.4,0.553,0.547,1.7,2.3,0.738,0.8,2.6,3.5,1.3,0.3,0.3,0.9,1.4,8.6,3627842
"126","Frank Mason","PG",24,"SAC",38,0,11.4,1.9,4.4,0.42,0.4,1.7,0.219,1.5,2.8,0.543,0.462,1,1.5,0.684,0.2,1,1.1,2.2,0.4,0.1,0.9,0.9,5.1,1378242
"127","Frank Ntilikina","PG",20,"NYK",43,16,21,2.2,6.6,0.337,0.8,2.7,0.287,1.4,3.9,0.371,0.395,0.5,0.7,0.767,0.3,1.7,2,2.8,0.7,0.3,1.3,2.4,5.7,4155720
"128","Fred VanVleet","PG",24,"TOR",64,28,27.5,3.8,9.4,0.41,1.8,4.6,0.378,2.1,4.8,0.441,0.503,1.5,1.8,0.843,0.3,2.3,2.6,4.8,0.9,0.3,1.3,1.7,11,8653847
"129","Furkan Korkmaz","SG",21,"PHI",48,7,14.1,2,5.1,0.4,1,3,0.326,1.1,2.1,0.505,0.496,0.8,0.9,0.818,0.3,1.9,2.2,1.1,0.6,0,0.5,1.3,5.8,1740000
"130","Garrett Temple","SG",32,"TOT",75,55,27.2,2.8,6.6,0.422,1.2,3.5,0.341,1.6,3.1,0.515,0.513,1.1,1.4,0.748,0.4,2.5,2.9,1.4,1,0.4,0.9,2.7,7.8,8e+06
"131","Gary Harris","SG",24,"DEN",57,48,28.8,4.7,11.2,0.424,1.4,4.2,0.339,3.3,6.9,0.476,0.488,2,2.5,0.799,0.7,2.1,2.8,2.2,1,0.3,1.2,2,12.9,16517857
"132","Gary Trent","SG",20,"POR",15,1,7.4,1.1,3.3,0.32,0.3,1.4,0.238,0.7,1.9,0.379,0.37,0.2,0.5,0.429,0.1,0.7,0.7,0.3,0.1,0.1,0.3,0.3,2.7,838464
"133","George Hill","PG",32,"TOT",60,13,21.7,2.8,6.3,0.452,0.8,2.6,0.314,2,3.7,0.547,0.516,1.2,1.4,0.824,0.7,1.8,2.5,2.3,0.9,0.1,0.9,1.7,7.6,1.9e+07
"134","Georges Niang","PF",25,"UTA",59,0,8.7,1.5,3.1,0.475,0.7,1.8,0.41,0.7,1.3,0.566,0.594,0.3,0.4,0.833,0.2,1.3,1.5,0.6,0.2,0.1,0.4,1,4,1512601
"135","Gerald Green","SG",33,"HOU",73,0,20.2,3.2,7.9,0.4,2.1,6,0.354,1,1.9,0.547,0.535,0.8,0.9,0.838,0.4,2.1,2.5,0.5,0.5,0.4,0.8,1.7,9.2,2393887
"136","Giannis Antetokounmpo","PF",24,"MIL",72,72,32.8,10,17.3,0.578,0.7,2.8,0.256,9.3,14.5,0.641,0.599,6.9,9.5,0.729,2.2,10.3,12.5,5.9,1.3,1.5,3.7,3.2,27.7,24157304
"137","Glenn Robinson","SF",25,"DET",47,18,13,1.6,3.7,0.42,0.4,1.3,0.29,1.2,2.4,0.491,0.472,0.7,0.9,0.8,0.4,1.1,1.5,0.4,0.3,0.2,0.4,1,4.2,4075000
"138","Goran Dragic","PG",32,"MIA",36,22,27.5,5,12,0.413,1.6,4.6,0.348,3.4,7.5,0.454,0.479,2.2,2.8,0.782,0.6,2.5,3.1,4.8,0.8,0.1,2,2.3,13.7,18109175
"139","Gordon Hayward","PF",28,"BOS",72,18,25.9,4.1,8.8,0.466,1.1,3.2,0.333,3,5.6,0.542,0.527,2.2,2.6,0.834,0.7,3.8,4.5,3.4,0.9,0.3,1.5,1.4,11.5,31214295
"140","Gorgui Dieng","C",29,"MIN",76,2,13.6,2.5,5,0.501,0.3,0.7,0.339,2.2,4.2,0.53,0.527,1.2,1.4,0.83,1.1,3,4.1,0.9,0.6,0.5,0.8,1.8,6.4,15170787
"141","Grayson Allen","SG",23,"UTA",38,2,10.9,1.8,4.7,0.376,0.8,2.6,0.323,0.9,2.1,0.443,0.466,1.2,1.6,0.75,0.1,0.5,0.6,0.7,0.2,0.2,0.9,1.2,5.6,2074320
"142","Greg Monroe","C",28,"TOT",43,2,11.2,2.1,4.4,0.487,0,0.1,0.2,2.1,4.3,0.495,0.489,1,1.7,0.625,1.6,2.4,4,0.6,0.3,0.2,0.7,1.5,5.3,2165481
"143","Guerschon Yabusele","PF",23,"BOS",41,1,6.1,0.9,1.9,0.455,0.2,0.7,0.321,0.6,1.2,0.531,0.513,0.4,0.5,0.682,0.6,0.7,1.3,0.4,0.2,0.2,0.4,0.8,2.3,2667600
"144","Hamidou Diallo","SG",20,"OKC",51,3,10.3,1.5,3.2,0.455,0.1,0.5,0.167,1.4,2.8,0.504,0.467,0.7,1.2,0.61,0.7,1.2,1.9,0.3,0.4,0.2,0.5,1.5,3.7,838464
"145","Harrison Barnes","PF-SF",26,"TOT",77,77,32.9,5.6,13.3,0.42,2.3,5.7,0.395,3.3,7.6,0.439,0.504,3,3.6,0.824,0.7,3.9,4.7,1.5,0.6,0.2,1.3,1.6,16.4,24107258
"146","Harry Giles","PF",20,"SAC",58,0,14.1,3,6,0.503,0,0.1,0,3,5.9,0.512,0.503,1,1.6,0.637,1.1,2.7,3.8,1.5,0.5,0.4,1.3,2.6,7,2207040
"147","Hassan Whiteside","C",29,"MIA",72,53,23.3,5.4,9.4,0.571,0,0.2,0.125,5.4,9.2,0.581,0.572,1.5,3.4,0.449,3.6,7.8,11.3,0.8,0.6,1.9,1.3,2.7,12.3,25434263
"148","Henry Ellenson","PF",22,"TOT",19,0,13.6,2.1,5,0.411,0.9,2,0.447,1.2,3,0.386,0.5,1,1.3,0.76,0.3,3.2,3.5,0.8,0.4,0.1,0.5,1.4,6,1857480
"149","Ian Clark","SG",27,"NOP",60,6,16.2,2.5,6.4,0.394,1.1,3.4,0.327,1.4,3,0.47,0.48,0.6,0.6,0.892,0.2,1.3,1.5,1.6,0.4,0.1,1,1.6,6.7,1757429
"150","Ian Mahinmi","C",32,"WAS",34,6,14.6,1.4,3.1,0.452,0.1,0.5,0.188,1.3,2.6,0.5,0.466,1.2,1.8,0.689,1.4,2.4,3.8,0.7,0.7,0.5,0.6,2.5,4.1,15944154
"151","Iman Shumpert","SG",28,"TOT",62,41,23.9,2.7,7.2,0.374,1.5,4.4,0.348,1.2,2.8,0.416,0.481,0.6,0.7,0.8,0.4,2.5,3,1.8,1,0.4,0.8,2,7.5,11011234
"152","Isaac Bonga","PG",19,"LAL",22,0,5.5,0.2,1.5,0.152,0,0.4,0,0.2,1.1,0.2,0.152,0.4,0.7,0.6,0.4,0.7,1.1,0.7,0.4,0.2,0.3,0.4,0.9,1e+06
"153","Isaiah Briscoe","PG",22,"ORL",39,0,14.3,1.4,3.5,0.399,0.3,0.9,0.324,1.1,2.7,0.423,0.438,0.4,0.7,0.577,0.1,1.8,1.9,2.2,0.3,0.1,0.8,1.7,3.5,838464
"154","Isaiah Canaan","PG",27,"TOT",30,16,21,2.1,5.5,0.39,1.1,3.2,0.354,1,2.3,0.441,0.494,0.6,0.8,0.792,0.2,1.7,1.9,2.8,0.5,0.1,1.2,1.7,6,456733
"155","Isaiah Hartenstein","PF",20,"HOU",28,0,7.9,0.7,1.5,0.488,0.1,0.2,0.333,0.6,1.3,0.514,0.512,0.4,0.5,0.786,0.8,0.9,1.7,0.5,0.3,0.4,0.5,2,1.9,838464
"156","Isaiah Thomas","SG",29,"DEN",12,0,15.1,2.8,8.3,0.343,1,3.6,0.279,1.8,4.7,0.393,0.404,1.4,2.3,0.63,0.4,0.7,1.1,1.9,0.4,0.1,1.5,1.4,8.1,2029463
"157","Ish Smith","PG",30,"DET",56,0,22.3,3.7,8.7,0.419,0.8,2.4,0.326,2.9,6.3,0.455,0.464,0.8,1.1,0.758,0.4,2.2,2.6,3.6,0.5,0.2,1.1,1.9,8.9,6e+06
"158","Ivan Rabb","PF",21,"MEM",49,13,14.7,2.4,4.3,0.547,0.1,0.3,0.2,2.3,4,0.574,0.554,1,1.4,0.71,1.4,2.8,4.2,1.1,0.3,0.3,0.7,1.8,5.8,1378242
"159","J.J. Barea","PG",34,"DAL",38,0,19.8,4.2,10.1,0.418,1,3.4,0.297,3.2,6.8,0.479,0.468,1.4,2.1,0.705,0.3,2.2,2.5,5.6,0.6,0,1.9,1.3,10.9,3710850
"160","J.J. Redick","SG",34,"PHI",76,63,31.3,5.9,13.5,0.44,3.2,8,0.397,2.8,5.6,0.502,0.557,3,3.4,0.894,0.3,2.2,2.4,2.7,0.4,0.2,1.3,1.7,18.1,12250000
"161","J.R. Smith","SG",33,"CLE",11,4,20.2,2.5,7.2,0.342,1.1,3.5,0.308,1.4,3.6,0.375,0.418,0.7,0.9,0.8,0,1.6,1.6,1.9,1,0.3,1,1.7,6.7,14720000
"162","Jacob Evans","SG",21,"GSW",30,1,6.8,0.6,1.8,0.34,0.1,0.5,0.267,0.5,1.3,0.368,0.377,0,0,0,0.2,0.6,0.8,0.8,0.2,0.1,0.4,0.9,1.3,1644240
"163","Jae Crowder","SF",28,"UTA",80,11,27.1,4,10,0.399,2.2,6.5,0.331,1.8,3.4,0.527,0.508,1.8,2.5,0.721,0.8,4.1,4.8,1.7,0.8,0.4,1.1,2.1,11.9,7305825
"164","Jahlil Okafor","C",23,"NOP",59,24,15.8,3.6,6.1,0.586,0,0.1,0.2,3.6,6.1,0.591,0.587,1,1.5,0.663,1.4,3.3,4.7,0.7,0.3,0.7,0.9,1.6,8.2,1567007
"165","JaKarr Sampson","SF",25,"CHI",4,0,31.8,7.3,13.5,0.537,1.3,3.5,0.357,6,10,0.6,0.583,4.3,5.3,0.81,1.3,6.8,8,1,1,0.8,1,2,20,88531
"166","Jake Layman","SF",24,"POR",71,33,18.7,3,6,0.509,0.8,2.5,0.326,2.2,3.4,0.646,0.579,0.7,1,0.704,0.8,2.3,3.1,0.7,0.4,0.4,0.6,1.6,7.6,1544951
"167","Jalen Brunson","PG",22,"DAL",73,38,21.8,3.6,7.7,0.467,0.9,2.5,0.348,2.8,5.3,0.523,0.523,1.2,1.6,0.725,0.3,2,2.3,3.2,0.5,0.1,1.2,1.7,9.3,1230000
"168","Jamal Crawford","SG",38,"PHO",64,0,18.9,2.7,6.8,0.397,1,3.2,0.332,1.7,3.7,0.453,0.474,1.5,1.7,0.845,0.1,1.2,1.3,3.6,0.5,0.2,1.5,1.2,7.9,2393887
"169","Jamal Murray","PG",21,"DEN",75,74,32.6,6.8,15.6,0.437,2,5.5,0.367,4.8,10.1,0.476,0.502,2.5,3,0.848,0.9,3.4,4.2,4.8,0.9,0.4,2.1,2,18.2,3499800
"170","James Ennis","SF",28,"TOT",58,27,21.2,2.4,5.1,0.469,0.9,2.7,0.353,1.4,2.4,0.601,0.563,1,1.4,0.716,1,2.1,3.1,0.7,0.7,0.4,0.6,2.6,6.7,1621415
"171","James Harden","PG",29,"HOU",78,78,36.8,10.8,24.5,0.442,4.8,13.2,0.368,6,11.3,0.528,0.541,9.7,11,0.879,0.8,5.8,6.6,7.5,2,0.7,5,3.1,36.1,30431854
"172","James Johnson","PF",31,"MIA",55,33,21.2,3,6.9,0.433,0.9,2.7,0.336,2.1,4.2,0.496,0.499,0.9,1.3,0.714,0.4,2.8,3.2,2.5,0.6,0.5,1.3,2.1,7.8,14651700
"173","James Nunnally","SF",28,"TOT",15,0,6.8,0.8,2.3,0.353,0.5,1.7,0.32,0.3,0.6,0.444,0.471,0.3,0.3,1,0,0.3,0.3,0.5,0.1,0,0.1,0.7,2.4,655632
"174","JaMychal Green","PF",28,"TOT",65,6,21.1,3.5,7.3,0.483,1.1,2.7,0.403,2.4,4.6,0.53,0.558,1.2,1.6,0.792,1.6,4.7,6.3,0.8,0.7,0.5,1.3,3,9.4,7866667
"175","Jared Dudley","PF",33,"BRK",59,25,20.7,1.7,4.1,0.423,0.9,2.6,0.351,0.8,1.5,0.545,0.533,0.5,0.8,0.696,0.6,2.1,2.6,1.4,0.6,0.3,0.7,2.2,4.9,9530000
"176","Jarell Martin","PF",24,"ORL",42,1,7.8,1,2.5,0.413,0.5,1.4,0.351,0.5,1.1,0.489,0.51,0.2,0.3,0.818,0.3,1.5,1.7,0.4,0.1,0.2,0.3,1.2,2.7,2416222
"177","Jaren Jackson","PF",19,"MEM",58,56,26.1,5.1,10.2,0.506,0.9,2.4,0.359,4.3,7.7,0.553,0.549,2.6,3.4,0.766,1.3,3.4,4.7,1.1,0.9,1.4,1.7,3.8,13.8,5915040
"178","Jarred Vanderbilt","PF",19,"DEN",17,0,4.1,0.5,1.1,0.474,0,0.1,0,0.5,1.1,0.5,0.474,0.4,0.6,0.6,0.4,0.9,1.4,0.2,0.4,0.1,0.5,0.5,1.4,838464
"179","Jarrett Allen","C",20,"BRK",80,80,26.2,4.2,7.1,0.59,0.1,0.6,0.133,4.1,6.5,0.629,0.595,2.5,3.5,0.709,2.4,6,8.4,1.4,0.5,1.5,1.3,2.3,10.9,2034120
"180","Jason Smith","PF-C",32,"TOT",20,1,9.5,1.1,3,0.356,0.5,1.3,0.346,0.6,1.7,0.364,0.432,0.7,0.8,0.875,0.8,1.8,2.6,0.7,0.2,0.4,0.7,1.5,3.3,5450000
"181","JaVale McGee","C",31,"LAL",75,62,22.3,5.3,8.5,0.624,0,0.2,0.083,5.3,8.4,0.634,0.625,1.3,2,0.632,2.6,4.9,7.5,0.7,0.6,2,1.4,2.8,12,2393887
"182","Jaylen Adams","PG",22,"ATL",34,1,12.6,1.1,3.2,0.345,0.7,2.2,0.338,0.4,1.1,0.361,0.459,0.2,0.3,0.778,0.3,1.4,1.8,1.9,0.4,0.1,0.8,1.3,3.2,236854
"183","Jaylen Brown","SG",22,"BOS",74,25,25.9,5,10.7,0.465,1.3,3.7,0.344,3.7,7,0.529,0.525,1.8,2.7,0.658,0.9,3.4,4.2,1.4,0.9,0.4,1.3,2.5,13,5169960
"184","Jayson Tatum","SF",20,"BOS",79,79,31.1,5.9,13.1,0.45,1.5,3.9,0.373,4.4,9.2,0.483,0.506,2.5,2.9,0.855,0.9,5.2,6,2.1,1.1,0.7,1.5,2.1,15.7,6700800
"185","Jeff Green","PF",32,"WAS",77,44,27.2,4.2,8.9,0.475,1.4,4.2,0.347,2.8,4.8,0.586,0.555,2.4,2.7,0.888,0.7,3.3,4,1.8,0.6,0.5,1.3,2.1,12.3,2393887
"186","Jeff Teague","PG",30,"MIN",42,41,30.1,4.2,9.9,0.423,0.8,2.5,0.333,3.4,7.4,0.453,0.465,2.9,3.6,0.804,0.4,2.1,2.5,8.2,1,0.4,2.3,2.1,12.1,1.9e+07
"187","Jerami Grant","PF",24,"OKC",80,77,32.7,5.1,10.3,0.497,1.4,3.7,0.392,3.7,6.6,0.555,0.567,2,2.8,0.71,1.2,4,5.2,1,0.8,1.3,0.8,2.7,13.6,8653847
"188","Jeremy Lamb","SG",26,"CHO",79,55,28.5,5.5,12.4,0.44,1.5,4.2,0.348,4,8.2,0.487,0.499,2.9,3.3,0.888,0.8,4.7,5.5,2.2,1.1,0.4,1,1.8,15.3,7488372
"189","Jeremy Lin","PG",30,"TOT",74,4,19.4,3.2,7.3,0.44,0.7,2.5,0.294,2.5,4.8,0.517,0.491,2.4,2.8,0.838,0.3,2.1,2.4,3.1,0.6,0.2,1.7,1.9,9.6,13768421
"190","Jerian Grant","PG",26,"ORL",60,1,15.7,1.5,3.7,0.418,0.7,1.8,0.364,0.9,1.8,0.473,0.509,0.4,0.7,0.65,0.3,1.3,1.6,2.6,0.7,0.1,0.9,1.3,4.2,2639314
"191","Jerome Robinson","SG",21,"LAC",33,0,9.7,1.3,3.3,0.4,0.5,1.7,0.316,0.8,1.6,0.491,0.482,0.2,0.3,0.667,0.1,1.2,1.2,0.6,0.3,0.1,0.4,1.4,3.4,3046200
"192","Jerryd Bayless","PG",30,"MIN",34,6,19.3,2.4,6.8,0.357,0.9,2.9,0.296,1.6,3.9,0.402,0.42,0.5,0.8,0.571,0.3,1.5,1.8,3.5,0.5,0.1,0.9,1.6,6.1,8575916
"193","Jevon Carter","PG",23,"MEM",39,3,14.8,1.4,4.7,0.303,0.9,2.6,0.333,0.6,2.1,0.265,0.395,0.7,0.8,0.813,0.4,1.3,1.7,1.8,0.7,0.3,0.8,1.4,4.4,838464
"194","Jimmer Fredette","SG",29,"PHO",6,0,10.8,1.3,4.8,0.276,0,2.2,0,1.3,2.7,0.5,0.276,1,1,1,0.2,1,1.2,1.3,0.5,0,0.8,0.8,3.7,198580
"195","Jimmy Butler","SF-SG",29,"TOT",65,65,33.6,6.4,13.9,0.462,1,3,0.347,5.4,10.9,0.494,0.499,4.8,5.6,0.855,1.9,3.4,5.3,4,1.9,0.6,1.5,1.7,18.7,20445779
"196","Joakim Noah","C",33,"MEM",42,1,16.5,2.6,5.1,0.516,0,0,0,2.6,5,0.519,0.516,1.9,2.6,0.716,1.4,4.3,5.7,2.1,0.5,0.7,1.2,2.3,7.1,18530000
"197","Jodie Meeks","SG",31,"TOR",8,0,13,2.6,4.9,0.538,1,2.3,0.444,1.6,2.6,0.619,0.641,0.1,0.1,1,0.1,1.4,1.5,1,0.1,0.1,0.3,0.6,6.4,3454500
"198","Joe Harris","SG",27,"BRK",76,76,30.2,4.9,9.8,0.5,2.4,5.1,0.474,2.5,4.8,0.528,0.622,1.4,1.8,0.827,0.7,3.1,3.8,2.4,0.5,0.2,1.6,2.4,13.7,8333333
"199","Joe Ingles","PF",31,"UTA",82,82,31.3,4.4,9.8,0.448,2.3,5.9,0.391,2.1,3.9,0.533,0.565,1.1,1.5,0.707,0.4,3.6,4,5.7,1.2,0.2,2.4,2.2,12.1,13045455
"200","Joel Embiid","C",24,"PHI",64,64,33.7,9.1,18.7,0.484,1.2,4.1,0.3,7.8,14.6,0.535,0.517,8.2,10.1,0.804,2.5,11.1,13.6,3.7,0.7,1.9,3.5,3.3,27.5,25467250
"201","John Collins","PF",21,"ATL",61,59,30,7.6,13.6,0.56,0.9,2.6,0.348,6.7,11,0.609,0.593,3.3,4.4,0.763,3.6,6.2,9.8,2,0.4,0.6,2,3.3,19.5,2299080
"202","John Jenkins","SG",27,"TOT",26,0,12.8,1.6,4,0.4,0.8,2.2,0.379,0.8,1.8,0.426,0.505,0.6,0.7,0.833,0.2,1.2,1.4,0.8,0,0.1,0.3,0.4,4.7,99290
"203","John Wall","PG",28,"WAS",32,32,34.5,7.7,17.3,0.444,1.6,5.3,0.302,6.1,12,0.507,0.49,3.8,5.5,0.697,0.5,3.2,3.6,8.7,1.5,0.9,3.8,2.2,20.7,19169800
"204","Jon Leuer","PF",29,"DET",41,1,9.8,1.6,2.8,0.584,0,0.3,0.091,1.6,2.5,0.637,0.588,0.6,0.8,0.742,0.7,1.7,2.4,0.3,0.3,0.1,0.6,1.5,3.8,10002681
"205","Jonah Bolden","PF",23,"PHI",44,10,14.5,1.8,3.7,0.494,0.8,2.2,0.354,1,1.5,0.697,0.599,0.3,0.6,0.481,1.1,2.7,3.8,0.9,0.4,0.9,0.8,2.3,4.7,1690000
"206","Jonas Jerebko","PF",31,"GSW",73,6,16.7,2.2,4.9,0.459,0.9,2.6,0.367,1.3,2.3,0.563,0.556,0.9,1.1,0.8,1,3,3.9,1.3,0.4,0.2,0.6,1.9,6.3,2165481
"207","Jonas Valanciunas","C",26,"TOT",49,27,22.3,6.1,11,0.559,0.3,1,0.292,5.9,10,0.586,0.572,3,3.8,0.795,2.2,6.4,8.6,1.4,0.4,1.1,1.8,3,15.6,16539326
"208","Jonathan Isaac","PF",21,"ORL",75,64,26.6,3.5,8.1,0.429,1.1,3.5,0.323,2.3,4.6,0.51,0.499,1.5,1.8,0.815,1.3,4.2,5.5,1.1,0.8,1.3,1,1.9,9.6,4969080
"209","Jonathon Simmons","SG-SF",29,"TOT",56,9,19,2.4,6.3,0.38,0.5,1.9,0.269,1.9,4.4,0.427,0.42,1.3,1.7,0.742,0.5,1.8,2.3,2.3,0.5,0.3,1.2,1.6,6.5,6e+06
"210","Jordan Bell","C",24,"GSW",68,3,11.6,1.5,2.8,0.516,0,0,0,1.5,2.8,0.521,0.516,0.4,0.6,0.61,0.8,1.9,2.7,1.1,0.3,0.8,0.6,1.2,3.3,1378252
"211","Jordan Clarkson","SG",26,"CLE",81,0,27.3,6.5,14.6,0.448,1.8,5.5,0.324,4.8,9.1,0.524,0.509,2,2.4,0.844,1,2.3,3.3,2.4,0.7,0.2,1.7,1.4,16.8,12500000
"212","Jose Calderon","PG",37,"DET",49,0,12.9,0.9,2.4,0.375,0.3,1.2,0.246,0.6,1.3,0.492,0.433,0.2,0.2,0.818,0.2,1,1.2,2.3,0.3,0.1,0.7,1.3,2.3,2393887
"213","Josh Hart","SG",23,"LAL",67,22,25.6,2.8,6.9,0.407,1.4,4.1,0.336,1.4,2.8,0.511,0.506,0.8,1.2,0.688,0.5,3.2,3.7,1.4,1,0.6,0.9,2.2,7.8,1655160
"214","Josh Jackson","SG",21,"PHO",79,29,25.2,4.4,10.6,0.413,0.9,2.8,0.324,3.5,7.8,0.445,0.456,1.8,2.7,0.671,0.8,3.6,4.4,2.3,0.9,0.7,2.2,2.6,11.5,6041520
"215","Josh Okogie","SG",20,"MIN",74,52,23.7,2.6,6.9,0.386,0.8,2.9,0.279,1.8,4,0.464,0.445,1.6,2.2,0.728,0.6,2.4,2.9,1.2,1.2,0.4,0.9,2.2,7.7,2160720
"216","Josh Richardson","SG",25,"MIA",73,73,34.8,5.8,14.1,0.412,2.2,6.3,0.357,3.5,7.8,0.458,0.492,2.7,3.2,0.861,0.7,2.9,3.6,4.1,1.1,0.5,1.5,2.7,16.6,9367200
"217","Jrue Holiday","SG",28,"NOP",67,67,35.9,8.2,17.3,0.472,1.8,5.4,0.325,6.4,11.9,0.539,0.523,3.1,4,0.768,1.1,3.9,5,7.7,1.6,0.8,3.1,2.2,21.2,25976111
"218","Juan Hernangomez","PF",23,"DEN",70,25,19.4,2,4.5,0.439,0.9,2.6,0.365,1,1.9,0.541,0.545,0.9,1.2,0.767,0.9,2.9,3.8,0.8,0.4,0.3,0.5,1.3,5.8,2166360
"219","Julius Randle","PF",24,"NOP",73,49,30.6,7.8,14.9,0.524,0.9,2.7,0.344,6.9,12.2,0.564,0.555,4.9,6.7,0.731,2.2,6.5,8.7,3.1,0.7,0.6,2.8,3.4,21.4,8641000
"220","Justin Anderson","SF",25,"ATL",48,4,9.6,1.3,3.3,0.408,0.5,1.6,0.312,0.8,1.7,0.5,0.484,0.5,0.7,0.743,0.5,1.3,1.8,0.5,0.5,0.3,0.5,1,3.7,2516048
"221","Justin Holiday","SG",29,"TOT",82,77,31.8,3.7,9.5,0.386,2,5.7,0.348,1.7,3.8,0.442,0.49,1.2,1.3,0.896,0.6,3.4,3.9,1.8,1.5,0.4,1.3,2,10.5,4384616
"222","Justin Jackson","SF",23,"TOT",81,14,19.9,2.7,6,0.447,1.1,3,0.355,1.6,3,0.542,0.537,0.8,1,0.785,0.5,2.1,2.6,1.2,0.4,0.2,0.4,1.2,7.2,2807880
"223","Justin Patton","C",21,"PHI",3,0,7,0.7,2.3,0.286,0,0.7,0,0.7,1.7,0.4,0.286,0.3,0.7,0.5,0.7,1.3,2,1,0.7,0,0,1.7,1.7,2667600
"224","Justise Winslow","SF",22,"MIA",66,52,29.7,4.9,11.3,0.433,1.5,3.9,0.375,3.5,7.5,0.462,0.497,1.3,2.1,0.628,1,4.4,5.4,4.3,1.1,0.3,2.2,2.7,12.6,3448926
"225","Jusuf Nurkic","C",24,"POR",72,72,27.4,5.8,11.5,0.508,0,0.4,0.103,5.8,11.1,0.523,0.51,3.9,5.1,0.773,3.4,7,10.4,3.2,1,1.4,2.3,3.5,15.6,11111111
"226","Karl-Anthony Towns","C",23,"MIN",77,77,33.1,8.8,17.1,0.518,1.8,4.6,0.4,7,12.5,0.562,0.572,4.9,5.8,0.836,3.4,9,12.4,3.4,0.9,1.6,3.1,3.8,24.4,7839435
"227","Kawhi Leonard","SF",27,"TOR",60,60,34,9.3,18.8,0.496,1.9,5,0.371,7.5,13.8,0.542,0.546,6.1,7.1,0.854,1.3,6,7.3,3.3,1.8,0.4,2,1.5,26.6,23114067
"228","Keita Bates-Diop","SF",23,"MIN",30,3,16.8,2,4.7,0.423,0.4,1.7,0.25,1.6,3,0.522,0.468,0.6,0.9,0.643,0.5,2.2,2.8,0.6,0.6,0.5,0.5,1,5,838464
"229","Kelly Olynyk","PF",27,"MIA",79,36,22.9,3.3,7.1,0.463,1.4,4,0.354,1.9,3.1,0.604,0.563,1.9,2.3,0.822,0.9,3.8,4.7,1.8,0.7,0.5,1.4,2.3,10,12137527
"230","Kelly Oubre","SF",23,"TOT",69,19,28,5.4,12.2,0.445,1.6,4.9,0.32,3.9,7.3,0.53,0.51,2.7,3.5,0.775,1,3.7,4.7,1.2,1.2,0.9,1.5,2.6,15.2,3208630
"231","Kemba Walker","PG",28,"CHO",82,82,34.9,8.9,20.5,0.434,3.2,8.9,0.356,5.7,11.6,0.494,0.511,4.6,5.5,0.844,0.6,3.8,4.4,5.9,1.2,0.4,2.6,1.6,25.6,1.2e+07
"232","Kenneth Faried","C",29,"TOT",37,13,19.7,4.2,7.2,0.589,0.2,0.7,0.32,4,6.5,0.617,0.604,1.7,2.7,0.646,2.6,4.1,6.8,0.5,0.5,0.6,0.9,2.2,10.4,13764045
"233","Kenrich Williams","SF",24,"NOP",46,29,23.5,2.3,6.1,0.384,1.1,3.4,0.333,1.2,2.7,0.447,0.477,0.3,0.4,0.684,1.2,3.6,4.8,1.8,1,0.4,0.8,2.1,6.1,838464
"234","Kent Bazemore","SG",29,"ATL",67,35,24.5,4.1,10.3,0.402,1.4,4.5,0.32,2.7,5.8,0.465,0.472,1.9,2.6,0.726,0.6,3.3,3.9,2.3,1.3,0.6,1.8,2.5,11.6,18089887
"235","Kentavious Caldwell-Pope","SG",25,"LAL",82,23,24.8,4,9.2,0.43,1.8,5.3,0.347,2.1,3.9,0.542,0.53,1.7,1.9,0.867,0.6,2.3,2.9,1.3,0.9,0.2,0.8,1.7,11.4,1.2e+07
"236","Kevin Durant","PF",30,"GSW",78,78,34.6,9.2,17.7,0.521,1.8,5,0.353,7.5,12.8,0.587,0.571,5.7,6.5,0.885,0.4,5.9,6.4,5.9,0.7,1.1,2.9,2,26,3e+07
"237","Kevin Huerter","SG",20,"ATL",75,59,27.3,3.7,8.8,0.419,1.8,4.7,0.385,1.9,4.1,0.457,0.522,0.5,0.7,0.732,0.8,2.5,3.3,2.9,0.9,0.3,1.5,2.1,9.7,2250960
"238","Kevin Knox","PF",19,"NYK",75,57,28.8,4.5,12.2,0.37,1.7,4.9,0.343,2.8,7.3,0.387,0.438,2.2,3,0.717,0.8,3.7,4.5,1.1,0.6,0.3,1.5,2.3,12.8,3739920
"239","Kevin Love","PF",30,"CLE",22,21,27.2,5,12.9,0.385,2.4,6.7,0.361,2.5,6.2,0.412,0.479,4.7,5.2,0.904,1.5,9.4,10.9,2.2,0.3,0.2,1.9,2.5,17,24119025
"240","Kevon Looney","C",22,"GSW",80,24,18.5,2.7,4.3,0.625,0,0.1,0.1,2.7,4.2,0.641,0.627,0.8,1.3,0.619,2.4,2.8,5.2,1.5,0.6,0.7,0.6,2.6,6.3,1567007
"241","Khem Birch","C",26,"ORL",50,1,12.9,1.8,3,0.603,0,0,0,1.8,3,0.607,0.603,1.2,1.7,0.699,1.6,2.2,3.8,0.8,0.4,0.6,0.4,1.4,4.8,1378242
"242","Khris Middleton","SF",27,"MIL",77,77,31.1,6.6,14.9,0.441,2.3,6.2,0.378,4.2,8.8,0.485,0.519,2.8,3.4,0.837,0.6,5.3,6,4.3,1,0.1,2.3,2.2,18.3,1.3e+07
"243","Khyri Thomas","SG",22,"DET",26,0,7.5,0.8,2.7,0.319,0.4,1.3,0.286,0.5,1.3,0.353,0.391,0.3,0.4,0.636,0.2,0.6,0.8,0.3,0.3,0.2,0.2,0.8,2.3,838464
"244","Klay Thompson","SG",28,"GSW",78,78,34,8.4,18,0.467,3.1,7.7,0.402,5.3,10.3,0.516,0.553,1.7,2,0.816,0.5,3.4,3.8,2.4,1.1,0.6,1.5,2,21.5,18988725
"245","Kris Dunn","PG",24,"CHI",46,44,30.2,4.7,11,0.425,0.7,2.1,0.354,3.9,8.9,0.441,0.458,1.2,1.5,0.797,0.4,3.7,4.1,6,1.5,0.5,2.3,3.6,11.3,4221000
"246","Kyle Korver","SG-PF",37,"TOT",70,0,19.1,2.9,6.9,0.416,2,5,0.397,0.9,1.9,0.467,0.559,0.9,1,0.822,0.1,2.2,2.3,1.2,0.4,0.2,0.8,1.5,8.6,7560000
"247","Kyle Kuzma","PF",23,"LAL",70,68,33.1,7.1,15.5,0.456,1.8,6,0.303,5.3,9.5,0.553,0.515,2.7,3.6,0.752,0.9,4.6,5.5,2.5,0.6,0.4,1.9,2.4,18.7,1689840
"248","Kyle Lowry","PG",32,"TOR",65,65,34,4.7,11.4,0.411,2.4,7,0.347,2.3,4.4,0.514,0.518,2.5,3,0.83,0.6,4.2,4.8,8.7,1.4,0.5,2.8,2.6,14.2,31200000
"249","Kyrie Irving","PG",26,"BOS",67,67,33,9,18.5,0.487,2.6,6.5,0.401,6.4,12,0.533,0.557,3.2,3.7,0.873,1.1,3.9,5,6.9,1.5,0.5,2.6,2.5,23.8,20099189
"250","LaMarcus Aldridge","C",33,"SAS",81,81,33.2,8.4,16.3,0.519,0.1,0.5,0.238,8.3,15.8,0.528,0.522,4.3,5.1,0.847,3.1,6.1,9.2,2.4,0.5,1.3,1.8,2.2,21.3,22347015
"251","Lance Stephenson","SG",28,"LAL",68,3,16.5,2.7,6.4,0.426,1.1,2.9,0.371,1.6,3.5,0.472,0.51,0.7,1.1,0.685,0.5,2.7,3.2,2.1,0.6,0.1,1.3,1.6,7.2,4449000
"252","Lance Thomas","PF",30,"NYK",46,17,17,1.7,4.3,0.396,0.5,1.7,0.278,1.2,2.6,0.475,0.452,0.6,0.8,0.75,0.5,2.1,2.5,0.6,0.4,0.2,0.5,1.8,4.5,7119650
"253","Landry Shamet","SG",21,"TOT",79,27,22.8,3,7.1,0.431,2.1,5,0.422,0.9,2,0.453,0.581,0.9,1.2,0.806,0.3,1.4,1.7,1.5,0.5,0.1,0.6,2,9.1,1703640
"254","Langston Galloway","SG",27,"DET",80,4,21.8,2.9,7.3,0.388,1.7,4.8,0.355,1.2,2.6,0.449,0.503,1,1.2,0.844,0.6,1.5,2.1,1.1,0.5,0.1,0.3,1.7,8.4,7e+06
"255","Larry Nance","C",26,"CLE",67,30,26.8,3.7,7.1,0.52,0.5,1.5,0.337,3.2,5.7,0.567,0.554,1.4,2,0.716,2.5,5.7,8.2,3.2,1.5,0.6,1.4,2.9,9.4,2272391
"256","Lauri Markkanen","PF",21,"CHI",52,51,32.3,6.6,15.3,0.43,2.3,6.4,0.361,4.3,8.9,0.479,0.506,3.3,3.8,0.872,1.4,7.6,9,1.4,0.7,0.6,1.6,2.3,18.7,4536120
"257","LeBron James","SF",34,"LAL",55,55,35.2,10.1,19.9,0.51,2,5.9,0.339,8.1,14,0.582,0.56,5.1,7.6,0.665,1,7.4,8.5,8.3,1.3,0.6,3.6,1.7,27.4,35654150
"258","Lonnie Walker","SG",20,"SAS",17,0,6.9,0.9,2.7,0.348,0.3,0.8,0.385,0.6,1.9,0.333,0.402,0.5,0.6,0.8,0,1,1,0.5,0.4,0.2,0.2,0.4,2.6,2357160
"259","Lonzo Ball","PG",21,"LAL",47,45,30.3,3.9,9.7,0.406,1.6,4.9,0.329,2.3,4.9,0.482,0.488,0.4,1,0.417,1.1,4.2,5.3,5.4,1.5,0.4,2.2,2.4,9.9,7461960
"260","Lorenzo Brown","PG",28,"TOR",26,0,8.2,0.9,2.7,0.324,0.2,1.1,0.214,0.7,1.7,0.395,0.366,0.1,0.1,1,0.2,1,1.2,1.1,0.5,0.2,0.6,0.8,2.1,8e+05
"261","Lou Williams","SG",32,"LAC",75,1,26.6,6.5,15.2,0.425,1.4,3.9,0.361,5.1,11.3,0.447,0.471,5.7,6.5,0.876,0.5,2.4,3,5.4,0.8,0.1,2.4,1.1,20,8e+06
"262","Luc Mbah a Moute","PF",32,"LAC",4,0,15.3,2,4.5,0.444,0.5,1.5,0.333,1.5,3,0.5,0.5,0.5,1.3,0.4,0.5,1.3,1.8,0.5,0.3,0.3,0.5,2,5,4320500
"263","Luka Doncic","SG",19,"DAL",72,72,32.2,7,16.5,0.427,2.3,7.1,0.327,4.7,9.3,0.503,0.497,4.8,6.7,0.713,1.2,6.6,7.8,6,1.1,0.3,3.4,1.9,21.2,6560640
"264","Luke Kennard","SG",22,"DET",63,10,22.8,3.6,8.3,0.438,1.7,4.3,0.394,1.9,4,0.486,0.54,0.8,1,0.836,0.2,2.7,2.9,1.8,0.4,0.2,0.9,1.5,9.7,3275280
"265","Luke Kornet","PF",23,"NYK",46,18,17,2.3,6.2,0.378,1.5,4.2,0.363,0.8,2,0.411,0.502,0.8,1,0.826,0.6,2.3,2.9,1.2,0.6,0.9,0.5,0.9,7,1619000
"266","Luol Deng","SF",33,"MIN",22,2,17.8,2.7,5.4,0.5,0.6,2,0.318,2,3.4,0.608,0.559,1.1,1.6,0.714,0.9,2.4,3.3,0.8,0.7,0.4,0.6,1.1,7.1,14354067
"267","Malachi Richardson","SG",23,"TOR",22,0,4.7,0.4,1.3,0.31,0.4,1.1,0.32,0,0.2,0.25,0.448,0.2,0.2,0.8,0.1,0.5,0.6,0,0,0,0.4,0.6,1.4,1569360
"268","Malcolm Brogdon","SG",26,"MIL",64,64,28.6,5.9,11.7,0.505,1.6,3.8,0.426,4.3,7.9,0.544,0.575,2.2,2.4,0.928,1,3.5,4.5,3.2,0.7,0.2,1.4,1.6,15.6,1544951
"269","Malcolm Miller","SF",25,"TOR",10,0,6.7,1.1,2.6,0.423,1,2.1,0.476,0.1,0.5,0.2,0.615,0.3,0.4,0.75,0.1,0.4,0.5,0.1,0.1,0.1,0.1,0.5,3.5,457418
"270","Malik Beasley","SG",22,"DEN",81,18,23.2,4.3,9.1,0.474,2,5,0.402,2.3,4.1,0.56,0.584,0.7,0.8,0.848,0.4,2,2.5,1.2,0.7,0.1,0.7,1.4,11.3,1773840
"271","Malik Monk","SG",20,"CHO",73,0,17.2,3.1,8,0.387,1.5,4.5,0.33,1.6,3.5,0.461,0.48,1.2,1.4,0.882,0.2,1.7,1.9,1.6,0.5,0.3,1.2,1.5,8.9,3447480
"272","Marc Gasol","C",34,"TOT",79,72,30.8,4.9,11,0.448,1.3,3.5,0.363,3.7,7.6,0.487,0.505,2.4,3.2,0.759,1,6.9,7.9,4.4,1.1,1.1,2,2.7,13.6,24119025
"273","Marco Belinelli","SG",32,"SAS",79,1,23,3.6,8.7,0.413,1.9,5,0.372,1.7,3.7,0.468,0.52,1.4,1.6,0.903,0.2,2.3,2.5,1.7,0.4,0.1,0.9,1.5,10.5,6153846
"274","Marcus Morris","PF",29,"BOS",75,53,27.9,5,11.3,0.447,1.9,5.2,0.375,3.1,6.1,0.508,0.533,1.9,2.3,0.844,1,5.1,6.1,1.5,0.6,0.3,1.2,2.4,13.9,5375000
"275","Marcus Smart","SG",24,"BOS",80,60,27.5,3,7.1,0.422,1.6,4.3,0.364,1.4,2.8,0.511,0.533,1.3,1.6,0.806,0.7,2.2,2.9,4,1.8,0.4,1.5,2.5,8.9,11660716
"276","Mario Hezonja","SF",23,"NYK",58,24,20.8,3.3,8,0.412,0.7,2.6,0.276,2.6,5.4,0.478,0.457,1.5,2,0.763,0.5,3.6,4.1,1.5,1,0.1,1.5,1.9,8.8,6500000
"277","Markelle Fultz","SG",20,"PHI",19,15,22.5,3.4,8.2,0.419,0.2,0.7,0.286,3.2,7.4,0.433,0.432,1.1,1.9,0.568,1.4,2.3,3.7,3.1,0.9,0.3,1.3,2.7,8.2,8339880
"278","Markieff Morris","PF",29,"TOT",58,16,21.9,3.5,8.3,0.421,1.2,3.5,0.335,2.3,4.8,0.484,0.492,1.2,1.6,0.772,1.1,3.5,4.6,1.4,0.6,0.4,0.9,3,9.4,8600000
"279","Marquese Chriss","PF",21,"TOT",43,2,11.6,1.6,4.2,0.372,0.4,1.7,0.222,1.2,2.5,0.472,0.417,0.7,1,0.711,0.9,2.4,3.3,0.5,0.4,0.3,0.8,1.9,4.2,3206160
"280","MarShon Brooks","SG",30,"MEM",29,0,13.3,2.6,5.8,0.45,0.5,1.9,0.278,2.1,4,0.53,0.494,0.8,1.1,0.697,0.4,1.1,1.6,0.9,0.3,0.1,0.7,1.1,6.6,1656092
"281","Marvin Bagley","PF",19,"SAC",62,4,25.3,5.7,11.4,0.504,0.5,1.5,0.313,5.3,9.8,0.534,0.525,2.9,4.2,0.691,2.6,5,7.6,1,0.5,1,1.6,1.9,14.9,7305600
"282","Marvin Williams","PF",32,"CHO",75,75,28.4,3.7,8.7,0.422,1.9,5.1,0.366,1.8,3.6,0.5,0.529,0.9,1.1,0.767,1,4.4,5.4,1.2,0.9,0.8,0.6,2.1,10.1,14087500
"283","Mason Plumlee","C",28,"DEN",82,17,21.1,3.2,5.4,0.593,0,0.1,0.2,3.2,5.3,0.602,0.595,1.4,2.4,0.561,2,4.4,6.4,3,0.8,0.9,1.5,3.1,7.8,12917808
"284","Matthew Dellavedova","PG",28,"TOT",48,0,16.9,2,5,0.405,0.9,2.7,0.338,1.1,2.3,0.482,0.496,0.9,1.1,0.808,0.1,1.5,1.6,3.8,0.3,0,1.4,1.6,5.9,9607500
"285","Maurice Harkless","SF",25,"POR",60,53,23.6,3.2,6.5,0.487,0.6,2,0.275,2.6,4.5,0.582,0.53,0.8,1.2,0.671,1.3,3.2,4.5,1.2,1.1,0.9,0.8,2.7,7.7,10837079
"286","Maxi Kleber","PF",27,"DAL",71,18,21.2,2.5,5.4,0.453,1.1,3.1,0.353,1.4,2.4,0.583,0.553,0.8,1,0.784,1.3,3.4,4.6,1,0.5,1.1,0.8,2,6.8,1378242
"287","Melvin Frazier","SG",22,"ORL",10,0,4.4,0.7,2.1,0.333,0,0.6,0,0.7,1.5,0.467,0.333,0.1,0.4,0.25,0.3,0.2,0.5,0.1,0.1,0,0.1,0.6,1.5,1050000
"288","Meyers Leonard","C",26,"POR",61,2,14.4,2.2,4,0.545,0.8,1.8,0.45,1.3,2.1,0.626,0.649,0.7,0.8,0.843,0.8,3,3.8,1.2,0.2,0.1,0.7,1.7,5.9,10595506
"289","Michael Carter-Williams","PG",27,"TOT",28,1,13.3,1.6,4.4,0.374,0.4,1.4,0.263,1.3,3,0.424,0.415,1.1,1.9,0.604,0.7,1.8,2.5,2.5,0.7,0.5,0.7,1.7,4.8,1200000
"290","Michael Kidd-Gilchrist","PF",25,"CHO",64,3,18.4,2.5,5.2,0.476,0.3,0.7,0.34,2.2,4.5,0.498,0.5,1.5,1.9,0.772,1.4,2.5,3.8,1,0.5,0.6,0.7,2.4,6.7,1.3e+07
"291","Mikal Bridges","SF",22,"PHO",82,56,29.5,3,6.9,0.43,1.3,3.8,0.335,1.7,3,0.548,0.523,1.2,1.4,0.805,0.7,2.5,3.2,2.1,1.6,0.5,0.9,2.5,8.3,3552960
"292","Mike Conley","PG",31,"MEM",70,70,33.5,7,16,0.438,2.2,6.1,0.364,4.8,9.9,0.483,0.507,4.9,5.8,0.845,0.6,2.8,3.4,6.4,1.3,0.3,1.9,1.8,21.1,30521116
"293","Mike Muscala","PF",27,"TOT",64,10,20.4,2.3,5.6,0.402,1.4,4,0.348,0.9,1.6,0.533,0.525,1.1,1.3,0.824,0.9,2.9,3.8,1.2,0.3,0.6,0.8,2,7,5e+06
"294","Mike Scott","PF",30,"TOT",79,3,17.7,2.1,5.3,0.4,1.3,3.2,0.401,0.8,2.1,0.399,0.52,0.3,0.4,0.667,0.5,2.9,3.5,0.8,0.3,0.2,0.6,2,5.8,4320500
"295","Miles Bridges","SF",20,"CHO",80,25,21.2,3,6.4,0.464,0.8,2.5,0.325,2.2,3.9,0.553,0.527,0.7,1,0.753,0.8,3.2,4,1.2,0.7,0.6,0.6,1.4,7.5,3206640
"296","Milos Teodosic","PG",31,"LAC",15,0,10,1.1,2.7,0.425,0.7,1.8,0.37,0.5,0.9,0.538,0.55,0.3,0.5,0.571,0.2,0.9,1.1,2.1,0.2,0.1,1.4,1.8,3.2,6300000
"297","Mitch Creek","SF",26,"TOT",5,0,9.6,1.6,3.2,0.5,0,0.4,0,1.6,2.8,0.571,0.5,1,1.4,0.714,1.2,1.2,2.4,1.2,0.4,0,0.2,0.6,4.2,94742
"298","Mohamed Bamba","C",20,"ORL",47,1,16.3,2.5,5.2,0.481,0.4,1.5,0.3,2,3.7,0.555,0.525,0.8,1.3,0.587,1.4,3.6,5,0.8,0.3,1.4,0.9,2.2,6.2,4865040
"299","Monte Morris","PG",23,"DEN",82,6,24,4.2,8.6,0.493,1.1,2.8,0.414,3.1,5.8,0.531,0.56,0.8,1,0.802,0.4,1.9,2.4,3.6,0.9,0,0.6,1.2,10.4,1349383
"300","Montrezl Harrell","C",25,"LAC",82,5,26.3,6.7,10.8,0.615,0,0.2,0.176,6.6,10.6,0.623,0.617,3.2,5,0.643,2.2,4.3,6.5,2,0.9,1.3,1.6,3.1,16.6,6e+06
"301","Moritz Wagner","C",21,"LAL",43,5,10.4,1.7,4,0.415,0.5,1.8,0.286,1.1,2.2,0.521,0.48,1,1.2,0.811,0.4,1.6,2,0.6,0.3,0.3,0.9,1.3,4.8,1762080
"302","Myles Turner","C",22,"IND",74,74,28.6,5.1,10.5,0.487,1,2.6,0.388,4.1,7.9,0.521,0.536,2,2.7,0.736,1.4,5.8,7.2,1.6,0.8,2.7,1.4,2.6,13.3,3410284
"303","Nemanja Bjelica","PF",30,"SAC",77,70,23.2,3.7,7.7,0.479,1.3,3.3,0.401,2.4,4.4,0.539,0.566,0.9,1.2,0.761,1.6,4.1,5.8,1.9,0.7,0.7,1.1,2.6,9.6,6500000
"304","Nene Hilario","C",36,"HOU",42,2,13,1.4,2.8,0.517,0,0.1,0,1.4,2.7,0.531,0.517,0.7,1.1,0.66,0.8,2.1,2.9,0.6,0.4,0.4,0.3,2.1,3.6,3651480
"305","Nicolas Batum","SF",30,"CHO",75,72,31.4,3.4,7.5,0.45,1.5,4,0.389,1.8,3.5,0.519,0.553,1,1.2,0.865,0.9,4.3,5.2,3.3,0.9,0.6,1.6,1.9,9.3,2.4e+07
"306","Nik Stauskas","SG",25,"TOT",68,0,14.9,2,5,0.402,1,2.8,0.372,1,2.2,0.44,0.506,0.8,0.9,0.891,0.3,1.6,1.9,1.2,0.3,0.1,0.8,0.7,5.9,1621415
"307","Nikola Jokic","C",23,"DEN",80,80,31.3,7.7,15.1,0.511,1,3.4,0.307,6.7,11.7,0.569,0.545,3.6,4.4,0.821,2.9,8,10.8,7.3,1.4,0.7,3.1,2.9,20.1,24605181
"308","Nikola Mirotic","PF",27,"TOT",46,25,27.1,5.2,11.8,0.439,2.5,6.9,0.365,2.7,4.9,0.545,0.546,2.3,2.7,0.847,1.3,6.1,7.4,1.2,0.7,0.7,1,2.3,15.2,12500000
"309","Nikola Vucevic","C",28,"ORL",80,80,31.4,8.8,16.9,0.518,1.1,2.9,0.364,7.7,14,0.549,0.549,2.2,2.8,0.789,2.8,9.2,12,3.8,1,1.1,2,2,20.8,12750000
"310","Noah Vonleh","PF",23,"NYK",68,57,25.3,3,6.5,0.47,0.7,2,0.336,2.4,4.5,0.531,0.523,1.6,2.3,0.712,1.7,6.1,7.8,1.9,0.7,0.8,1.3,2.6,8.4,1621415
"311","Norman Powell","SG",25,"TOR",60,3,18.8,3.2,6.7,0.483,1.1,2.8,0.4,2.1,3.8,0.543,0.568,1,1.3,0.827,0.3,2.1,2.3,1.5,0.7,0.2,1.1,1.6,8.6,9367200
"312","OG Anunoby","SF",21,"TOR",67,6,20.2,2.7,6,0.453,1,3,0.332,1.7,3,0.574,0.536,0.5,0.9,0.581,0.9,2.1,2.9,0.7,0.7,0.3,0.8,2.1,7,1952760
"313","Omari Spellman","PF",21,"ATL",46,11,17.5,2.1,5.3,0.402,1,2.8,0.344,1.2,2.5,0.466,0.492,0.7,1,0.711,1.6,2.7,4.2,1,0.6,0.5,0.7,1.5,5.9,1620480
"314","Omri Casspi","SF",30,"MEM",36,0,14.4,2.4,4.5,0.534,0.4,1.2,0.349,2,3.3,0.602,0.581,1.1,1.6,0.672,0.5,2.7,3.2,0.7,0.6,0.3,0.6,1,6.3,2176260
"315","Otto Porter","SF",25,"TOT",56,43,30.1,5.3,11.5,0.465,1.9,4.6,0.406,3.5,6.9,0.504,0.546,1.4,1.7,0.813,1,4.6,5.6,2.1,1.5,0.6,1.2,1.9,13.9,26011913
"316","P.J. Tucker","PF",33,"HOU",82,82,34.2,2.5,6.4,0.396,1.8,4.7,0.377,0.7,1.7,0.449,0.535,0.5,0.7,0.695,1.5,4.4,5.8,1.2,1.6,0.5,0.8,3.1,7.3,7969537
"317","Pascal Siakam","PF",24,"TOR",80,79,31.9,6.5,11.8,0.549,1,2.7,0.369,5.5,9.1,0.602,0.591,3,3.8,0.785,1.6,5.3,6.9,3.1,0.9,0.7,1.9,3,16.9,1544951
"318","Patrick Beverley","PG",30,"LAC",78,49,27.4,2.5,6.1,0.407,1.4,3.6,0.397,1.1,2.5,0.421,0.524,1.2,1.6,0.78,1,4,5,3.8,0.9,0.6,1.1,3.4,7.6,5027028
"319","Patrick McCaw","SG",23,"TOT",29,1,13.7,0.9,2.2,0.413,0.3,1,0.321,0.6,1.2,0.486,0.484,0.4,0.5,0.867,0.2,1.4,1.7,1,0.8,0.1,0.6,1.3,2.6,786000
"320","Patrick Patterson","PF",29,"OKC",63,5,13.7,1.3,3.5,0.374,0.7,2.2,0.336,0.6,1.3,0.439,0.479,0.3,0.5,0.633,0.7,1.7,2.3,0.5,0.3,0.2,0.3,0.7,3.6,5451600
"321","Patty Mills","PG",30,"SAS",82,1,23.3,3.4,8.1,0.425,1.9,4.9,0.394,1.5,3.2,0.475,0.545,1.1,1.3,0.854,0.3,1.9,2.2,3,0.6,0.1,1.1,1.6,9.9,11571429
"322","Pau Gasol","C",38,"TOT",30,6,12,1.4,3.1,0.447,0.2,0.4,0.462,1.2,2.7,0.444,0.479,0.9,1.3,0.7,0.7,3.8,4.6,1.7,0.2,0.5,0.5,1,3.9,15100000
"323","Paul George","SF",28,"OKC",77,77,36.9,9.2,21,0.438,3.8,9.8,0.386,5.4,11.1,0.484,0.529,5.9,7,0.839,1.4,6.8,8.2,4.1,2.2,0.4,2.7,2.8,28,30560700
"324","Paul Millsap","PF",33,"DEN",70,65,27.1,4.6,9.5,0.484,0.8,2.3,0.365,3.8,7.2,0.522,0.528,2.6,3.6,0.727,2.2,5,7.2,2,1.2,0.8,1.4,2.6,12.6,29730769
"325","Quincy Acy","PF",28,"PHO",10,0,12.3,0.4,1.8,0.222,0.2,1.5,0.133,0.2,0.3,0.667,0.278,0.7,1,0.7,0.3,2.2,2.5,0.8,0.1,0.4,0.4,2.4,1.7,213949
"326","Quincy Pondexter","SF",30,"SAS",53,0,5.5,0.5,1.1,0.5,0.1,0.3,0.333,0.4,0.8,0.575,0.552,0.6,0.8,0.81,0.2,0.7,0.9,0.5,0.2,0,0.2,0.5,1.8,2165481
"327","Quinn Cook","PG",25,"GSW",74,10,14.3,2.8,5.9,0.465,1.1,2.7,0.405,1.7,3.2,0.515,0.557,0.3,0.4,0.769,0.3,1.8,2.1,1.6,0.3,0,0.7,1.2,6.9,1544951
"328","Rajon Rondo","PG",32,"LAL",46,29,29.8,3.8,9.4,0.405,1.1,3.1,0.359,2.7,6.3,0.428,0.464,0.5,0.8,0.639,0.7,4.5,5.3,8,1.2,0.2,2.8,2.2,9.2,9e+06
"329","Raul Neto","PG",26,"UTA",37,1,12.8,2,4.4,0.46,0.5,1.6,0.333,1.5,2.7,0.535,0.522,0.8,0.9,0.848,0.2,1.5,1.7,2.5,0.4,0.1,0.9,1.3,5.3,2150000
"330","Ray Spalding","PF",21,"TOT",14,3,10.6,1.8,3.4,0.532,0,0.2,0,1.8,3.1,0.568,0.532,0.3,0.9,0.333,1.1,2.4,3.4,0.4,0.6,0.6,0.6,1.6,3.9,838464
"331","Raymond Felton","PG",34,"OKC",33,0,11.5,1.7,4.1,0.407,0.6,1.8,0.328,1.1,2.2,0.473,0.481,0.4,0.4,0.923,0.1,0.9,1,1.6,0.3,0.2,0.4,0.9,4.3,2393887
"332","Reggie Bullock","SG",27,"TOT",63,60,29.8,3.9,9.4,0.412,2.3,6.2,0.377,1.5,3.2,0.483,0.537,1.2,1.3,0.859,0.3,2.4,2.7,2,0.6,0.2,1,1.7,11.3,2500000
"333","Reggie Jackson","PG",28,"DET",82,82,27.9,5.4,12.8,0.421,2.1,5.7,0.369,3.3,7,0.464,0.504,2.5,2.9,0.864,0.5,2.1,2.6,4.2,0.7,0.1,1.8,2.5,15.4,17043478
"334","Ricky Rubio","PG",28,"UTA",68,67,27.9,4.3,10.7,0.404,1.2,3.7,0.311,3.2,7,0.454,0.458,2.9,3.4,0.855,0.5,3.1,3.6,6.1,1.3,0.1,2.6,2.6,12.7,14975000
"335","Robert Covington","SF",28,"TOT",35,35,34.4,4.5,10.3,0.431,2.4,6.4,0.378,2,3.9,0.518,0.548,1.9,2.5,0.764,0.8,4.7,5.5,1.3,2.1,1.3,1.3,3.6,13.3,10464092
"336","Robin Lopez","C",30,"CHI",74,36,21.7,4.1,7.2,0.568,0.1,0.4,0.226,4,6.8,0.589,0.575,1.2,1.7,0.724,1.9,2,3.9,1.2,0.1,1.1,1.3,1.7,9.5,14357750
"337","Rodions Kurucs","SF",20,"BRK",63,46,20.5,3.2,7.1,0.45,0.9,2.9,0.315,2.3,4.2,0.543,0.514,1.1,1.5,0.783,0.9,3,3.9,0.8,0.7,0.4,1.2,2.3,8.5,1618320
"338","Rodney Hood","SG",26,"TOT",72,49,26.3,4.1,9.3,0.435,1.2,3.3,0.356,2.9,6,0.478,0.498,1.9,2.2,0.884,0.3,1.8,2.2,1.8,0.8,0.2,0.8,2,11.2,3472887
"339","Rodney McGruder","SG",27,"MIA",66,45,23.5,2.8,7,0.403,1.2,3.4,0.351,1.6,3.6,0.453,0.489,0.8,1.1,0.722,0.9,2.7,3.6,1.7,0.5,0.2,1,1.7,7.6,1544951
"340","Ron Baker","SG",25,"TOT",15,0,10.1,0.3,1.3,0.2,0.1,0.9,0.077,0.2,0.5,0.429,0.225,0.3,0.4,0.833,0.1,0.7,0.7,1,0.4,0.1,0.3,1.2,0.9,4544400
"341","Royce O'Neale","SF",25,"UTA",82,16,20.4,2,4.2,0.475,0.8,2.1,0.386,1.2,2,0.569,0.574,0.4,0.5,0.762,0.3,3.2,3.5,1.5,0.7,0.3,0.9,2.1,5.2,1378242
"342","Rudy Gay","PF",32,"SAS",69,51,26.7,5.4,10.8,0.504,1.1,2.7,0.402,4.4,8.1,0.537,0.554,1.7,2.1,0.816,0.9,5.9,6.8,2.6,0.8,0.5,1.7,2.3,13.7,10087200
"343","Russell Westbrook","PG",30,"OKC",73,73,36,8.6,20.2,0.428,1.6,5.6,0.29,7,14.5,0.481,0.468,4.1,6.2,0.656,1.5,9.6,11.1,10.7,1.9,0.5,4.5,3.4,22.9,35654150
"344","Ryan Anderson","PF",30,"TOT",25,8,12.9,0.8,2.8,0.304,0.4,1.6,0.225,0.5,1.2,0.414,0.37,0.5,0.6,0.75,0.7,1.4,2.2,0.8,0.2,0,0.6,1,2.5,20421546
"345","Ryan Arcidiacono","PG",24,"CHI",81,32,24.2,2.3,5.2,0.447,1,2.7,0.373,1.3,2.5,0.527,0.544,1.1,1.3,0.873,0.3,2.4,2.7,3.3,0.8,0,0.8,2.1,6.7,1349383
"346","Ryan Broekhoff","SG",28,"DAL",42,0,10.8,1.4,3,0.452,0.9,2.2,0.409,0.5,0.8,0.576,0.603,0.4,0.5,0.789,0.2,1.3,1.5,0.5,0.1,0.1,0.4,0.8,4,838464
"347","Salah Mejri","C",32,"DAL",36,4,11.1,1.5,3.1,0.491,0.3,0.9,0.324,1.2,2.2,0.564,0.54,0.6,0.9,0.625,1,2.6,3.6,1,0.3,0.7,0.6,1.5,3.9,1567007
"348","Sam Dekker","PF",24,"TOT",47,5,16.8,2.6,5.4,0.469,0.4,1.3,0.306,2.1,4.1,0.521,0.506,0.6,1,0.609,1.1,2,3.1,1,0.8,0.1,0.5,1,6.1,2760095
"349","Scott Machado","PG",28,"LAL",4,0,4.8,1,1.5,0.667,0.3,0.3,1,0.8,1.3,0.6,0.75,0.3,0.3,1,0,0,0,0.8,0.3,0,0,0.5,2.5,47371
"350","Semi Ojeleye","PF",24,"BOS",56,3,10.6,1.2,2.8,0.424,0.5,1.6,0.315,0.7,1.2,0.565,0.513,0.4,0.7,0.615,0.4,1.1,1.5,0.4,0.2,0.1,0.3,0.8,3.3,1378242
"351","Serge Ibaka","C",29,"TOR",74,51,27.2,6.3,11.9,0.529,0.7,2.3,0.29,5.6,9.6,0.586,0.557,1.8,2.4,0.763,2.1,6,8.1,1.3,0.4,1.4,1.5,2.9,15,21666667
"352","Seth Curry","SG",28,"POR",74,2,18.9,2.9,6.3,0.456,1.5,3.4,0.45,1.3,2.9,0.463,0.577,0.6,0.7,0.846,0.4,1.3,1.6,0.9,0.5,0.2,0.8,1.3,7.9,2795000
"353","Shai Gilgeous-Alexander","PG",20,"LAC",82,73,26.5,4.2,8.7,0.476,0.6,1.7,0.367,3.5,7,0.503,0.512,1.9,2.4,0.8,0.7,2.1,2.8,3.3,1.2,0.5,1.7,2.1,10.8,3375360
"354","Shaquille Harrison","PG",25,"CHI",73,11,19.6,2.5,5.8,0.432,0.3,1.2,0.27,2.2,4.6,0.475,0.46,1.1,1.7,0.667,0.5,2.6,3,1.9,1.2,0.4,0.8,1.7,6.5,1311265
"355","Shaun Livingston","PG",33,"GSW",64,0,15.1,1.7,3.3,0.519,0,0,0,1.7,3.3,0.524,0.519,0.6,0.8,0.784,0.7,1.2,1.8,1.8,0.5,0.4,0.6,1.2,4,8307692
"356","Shelvin Mack","PG",28,"TOT",57,3,21.9,2.9,7.1,0.404,0.8,2.3,0.354,2.1,4.8,0.429,0.462,1,1.5,0.69,0.3,1.5,1.8,3.2,0.8,0.1,1.2,1.5,7.5,2029463
"357","Sindarius Thornwell","SG",24,"LAC",64,1,4.9,0.3,0.8,0.347,0,0.2,0.2,0.2,0.5,0.412,0.378,0.4,0.5,0.735,0.1,0.6,0.7,0.3,0.2,0.1,0.3,0.6,1,1378242
"358","Skal Labissiere","PF",22,"TOT",22,1,8,1.2,2.2,0.531,0.3,0.6,0.462,0.9,1.6,0.556,0.592,0.4,0.8,0.529,0.4,1.5,2,0.5,0.2,0.3,0.5,1.3,3,1544951
"359","Solomon Hill","SF",27,"NOP",44,15,20,1.5,4,0.382,0.7,2.3,0.317,0.8,1.8,0.468,0.472,0.5,0.7,0.719,0.8,2.3,3,1.3,0.5,0.2,0.7,1.8,4.3,12252928
"360","Spencer Dinwiddie","PG",25,"BRK",68,4,28.1,5.4,12.2,0.442,1.8,5.4,0.335,3.6,6.7,0.528,0.517,4.2,5.2,0.806,0.4,2.1,2.4,4.6,0.6,0.3,2.2,2.8,16.8,1656092
"361","Stanley Johnson","SF",22,"TOT",66,7,18.3,2.6,6.7,0.389,0.9,3.3,0.288,1.7,3.4,0.484,0.459,0.8,1,0.781,0.5,2.8,3.3,1.3,0.9,0.2,1.2,1.7,6.9,3940402
"362","Stephen Curry","PG",30,"GSW",69,69,33.8,9.2,19.4,0.472,5.1,11.7,0.437,4,7.7,0.525,0.604,3.8,4.2,0.916,0.7,4.7,5.3,5.2,1.3,0.4,2.8,2.4,27.3,37457154
"363","Sterling Brown","SG",23,"MIL",58,7,17.8,2.5,5.4,0.465,0.9,2.5,0.361,1.6,2.8,0.558,0.55,0.5,0.7,0.69,0.5,2.7,3.2,1.4,0.4,0.1,0.8,1.5,6.4,1378242
"364","Steven Adams","C",25,"OKC",80,80,33.4,6,10.1,0.595,0,0,0,6,10.1,0.596,0.595,1.8,3.7,0.5,4.9,4.6,9.5,1.6,1.5,1,1.7,2.6,13.9,24157304
"365","Sviatoslav Mykhailiuk","SF",21,"TOT",42,0,10.5,1.1,3.3,0.329,0.7,2.1,0.326,0.4,1.2,0.333,0.432,0.3,0.5,0.6,0.2,0.6,0.9,0.9,0.3,0,0.5,0.6,3.2,1487694
"366","T.J. Leaf","PF",21,"IND",58,1,9,1.7,3.2,0.541,0.1,0.5,0.258,1.6,2.6,0.599,0.563,0.3,0.5,0.613,0.7,1.4,2.2,0.4,0.2,0.3,0.2,0.6,3.9,2407560
"367","T.J. McConnell","PG",26,"PHI",76,3,19.3,2.9,5.5,0.525,0.2,0.6,0.333,2.7,5,0.546,0.542,0.4,0.5,0.784,0.4,1.9,2.3,3.4,1,0.2,1.2,1.4,6.4,1600520
"368","T.J. Warren","SF",25,"PHO",43,36,31.6,6.9,14.2,0.486,1.8,4.2,0.428,5.1,10,0.51,0.549,2.3,2.9,0.815,0.7,3.3,4,1.5,1.2,0.7,1.2,2.8,18,11750000
"369","Tahjere McCall","SG",24,"BRK",1,0,8,2,3,0.667,0,1,0,2,2,1,0.667,0,1,0,0,1,1,0,0,0,0,2,4,47371
"370","Taj Gibson","PF",33,"MIN",70,57,24.1,4.3,7.7,0.566,0.2,0.5,0.324,4.2,7.2,0.583,0.576,1.9,2.5,0.757,2.5,4.1,6.5,1.2,0.8,0.6,1,2.7,10.8,1.4e+07
"371","Taurean Waller-Prince","SF",24,"ATL",55,47,28.2,4.8,10.8,0.441,2.2,5.7,0.39,2.5,5.1,0.498,0.545,1.7,2.1,0.819,0.4,3.2,3.6,2.1,1,0.3,1.8,2.6,13.5,2526840
"372","Terrance Ferguson","SG",20,"OKC",74,74,26.1,2.5,5.8,0.429,1.4,3.9,0.366,1.1,1.9,0.56,0.552,0.5,0.7,0.725,0.4,1.5,1.9,1,0.5,0.2,0.6,3.1,6.9,2118840
"373","Terrence Jones","PF",27,"HOU",2,0,2.5,0.5,2,0.25,0,1,0,0.5,1,0.5,0.25,0,0.5,0,0,2,2,0,0,0,0.5,0.5,1,198580
"374","Terrence Ross","SG",27,"ORL",81,0,26.5,5.4,12.7,0.428,2.7,7,0.383,2.8,5.7,0.484,0.534,1.6,1.8,0.875,0.3,3.1,3.5,1.7,0.9,0.4,1.1,1.5,15.1,10500000
"375","Terry Rozier","PG",24,"BOS",79,14,22.7,3.3,8.4,0.387,1.5,4.3,0.353,1.8,4.2,0.422,0.477,0.9,1.2,0.785,0.4,3.5,3.9,2.9,0.9,0.3,0.9,1.3,9,3050390
"376","Thabo Sefolosha","SF",34,"UTA",50,2,12.2,1.4,3,0.477,0.7,1.6,0.436,0.7,1.4,0.521,0.591,0.3,0.4,0.636,0.2,2.3,2.5,0.5,0.9,0.1,0.5,0.8,3.8,5250000
"377","Thomas Bryant","C",21,"WAS",72,53,20.8,4.3,7,0.616,0.5,1.4,0.333,3.8,5.6,0.685,0.648,1.5,1.9,0.781,1.6,4.7,6.3,1.3,0.3,0.9,0.8,1.8,10.5,1378242
"378","Thon Maker","C-PF",21,"TOT",64,5,15.2,1.7,4.2,0.407,0.8,2.4,0.32,0.9,1.8,0.522,0.498,0.9,1.3,0.667,0.6,2.5,3.2,0.7,0.3,0.8,0.5,1.6,5,2799720
"379","Tim Frazier","PG",28,"TOT",59,19,19,2,4.4,0.444,0.6,1.7,0.366,1.3,2.7,0.494,0.515,0.7,0.9,0.759,0.7,2.2,2.8,4.2,0.5,0.1,1.3,1.9,5.3,1621415
"380","Tim Hardaway","SG",26,"TOT",65,63,31.6,6,15.3,0.393,2.5,7.3,0.34,3.5,7.9,0.442,0.474,3.6,4.2,0.841,0.5,2.9,3.4,2.4,0.8,0.1,1.6,2.2,18.1,17325000
"381","Timothe Luwawu-Cabarrot","SF",23,"TOT",50,7,13.4,1.6,4.4,0.376,0.7,2.3,0.31,0.9,2,0.451,0.459,0.6,0.8,0.756,0.2,1.7,1.9,0.5,0.4,0.2,0.4,1.5,4.6,1544951
"382","Tobias Harris","PF",26,"TOT",82,82,34.7,7.5,15.3,0.487,1.9,4.8,0.397,5.5,10.5,0.528,0.549,3.2,3.7,0.866,0.8,7,7.9,2.8,0.6,0.5,1.8,2.2,20,14800000
"383","Tomas Satoransky","PG",27,"WAS",80,54,27.1,3.2,6.6,0.485,0.8,2,0.395,2.4,4.6,0.524,0.545,1.6,2,0.819,1,2.5,3.5,5,1,0.2,1.5,2.2,8.9,3129187
"384","Tony Parker","PG",36,"CHO",56,0,17.9,3.8,8.3,0.46,0.2,0.9,0.255,3.6,7.4,0.485,0.474,1.6,2.2,0.734,0.3,1.2,1.5,3.7,0.4,0.1,1.3,0.9,9.5,5e+06
"385","Tony Snell","SF",27,"MIL",74,12,17.6,2.2,4.9,0.452,1.1,2.8,0.397,1.1,2.1,0.522,0.564,0.5,0.6,0.881,0.4,1.7,2.1,0.9,0.4,0.2,0.3,1.2,6,10607143
"386","Torrey Craig","SF",28,"DEN",75,37,20,2.1,4.8,0.442,0.8,2.5,0.324,1.3,2.3,0.569,0.526,0.7,0.9,0.7,1.2,2.3,3.5,1,0.5,0.6,0.6,2.3,5.7,2e+06
"387","Trae Young","PG",20,"ATL",81,81,30.9,6.5,15.5,0.418,1.9,6,0.324,4.6,9.6,0.477,0.48,4.2,5.1,0.829,0.8,2.9,3.7,8.1,0.9,0.2,3.8,1.7,19.1,5356440
"388","Treveon Graham","SG",25,"BRK",35,21,20.4,1.8,5.5,0.335,1.1,3.7,0.297,0.7,1.8,0.413,0.435,0.5,0.6,0.818,0.7,2.4,3.1,1,0.4,0.2,0.5,1.9,5.3,1512601
"389","Trevor Ariza","SF",33,"TOT",69,69,34,4.3,10.7,0.399,2.1,6.3,0.334,2.2,4.4,0.493,0.498,1.9,2.4,0.793,0.7,4.7,5.4,3.7,1.3,0.3,1.5,1.9,12.5,1.5e+07
"390","Trey Burke","PG",26,"TOT",58,8,19.4,4.1,9.4,0.431,1,2.7,0.352,3.1,6.7,0.463,0.482,1.8,2.1,0.831,0.5,1.2,1.7,2.7,0.6,0.1,0.8,1,10.9,1795015
"391","Trey Lyles","PF",23,"DEN",64,2,17.5,3.2,7.7,0.418,0.8,3.1,0.255,2.4,4.6,0.529,0.47,1.3,1.8,0.698,0.7,3.2,3.8,1.4,0.5,0.4,1.1,1.5,8.5,3364249
"392","Troy Brown","SF",19,"WAS",52,10,14,1.9,4.5,0.415,0.4,1.3,0.319,1.4,3.2,0.455,0.462,0.6,0.9,0.681,0.7,2.1,2.8,1.5,0.4,0.1,0.6,1.1,4.8,2749080
"393","Troy Daniels","SG",27,"PHO",51,1,14.9,2.2,5.4,0.411,1.5,3.8,0.381,0.8,1.6,0.481,0.545,0.4,0.5,0.783,0.3,1.2,1.4,0.5,0.5,0.1,0.5,1.5,6.2,3258539
"394","Troy Williams","SF",24,"SAC",21,0,14.9,2.1,4.7,0.449,0.7,2.1,0.318,1.4,2.6,0.556,0.52,0.4,0.7,0.6,0.6,2.2,2.8,0.5,0.5,0.4,0.4,1.8,5.3,122741
"395","Tyler Dorsey","SG",22,"TOT",48,11,14.5,2.2,5.5,0.405,0.9,2.8,0.333,1.3,2.8,0.477,0.489,0.8,1.3,0.623,0.6,1.8,2.4,1.2,0.3,0,0.6,1.1,6.2,1378242
"396","Tyler Johnson","PG",26,"TOT",57,22,26.8,3.8,9.2,0.413,1.6,4.6,0.346,2.2,4.7,0.477,0.498,1.7,2.2,0.748,0.6,2.4,3,2.9,0.9,0.5,1.4,1.7,10.9,19245370
"397","Tyler Lydon","PF",22,"DEN",25,0,3.8,0.4,0.7,0.5,0.2,0.4,0.4,0.2,0.3,0.625,0.611,0,0.1,0.333,0.3,0.4,0.7,0.2,0.1,0,0.2,0.4,0.9,1874640
"398","Tyler Zeller","C",29,"TOT",6,1,15.5,2.7,5,0.533,0,0.2,0,2.7,4.8,0.552,0.533,2.3,3,0.778,1.8,2.2,4,0.7,0.2,0.5,0.7,3.3,7.7,106974
"399","Tyreke Evans","SG",29,"IND",69,18,20.3,3.7,9.6,0.389,1.1,3.1,0.356,2.6,6.4,0.405,0.448,1.7,2.3,0.719,0.5,2.4,2.9,2.4,0.8,0.3,1.7,1.7,10.2,12400000
"400","Tyrone Wallace","PG",24,"LAC",62,0,10.1,1.5,3.5,0.424,0.1,0.3,0.211,1.4,3.2,0.444,0.433,0.5,0.9,0.526,0.3,1.3,1.6,0.7,0.3,0.1,0.6,1.3,3.5,1349383
"401","Tyson Chandler","C",36,"TOT",55,6,15.9,1.1,1.8,0.616,0,0,0,1.1,1.8,0.622,0.616,0.9,1.6,0.586,1.7,3.9,5.6,0.7,0.4,0.4,0.8,2,3.1,13585000
"402","Tyus Jones","PG",22,"MIN",68,23,22.9,2.7,6.6,0.415,0.6,1.9,0.317,2.1,4.7,0.453,0.46,0.9,1,0.841,0.3,1.6,2,4.8,1.2,0.1,0.7,1.1,6.9,2444053
"403","Udonis Haslem","C",38,"MIA",10,1,7.4,1.1,3.3,0.333,0,1.2,0,1.1,2.1,0.524,0.333,0.3,0.4,0.75,0.3,2.4,2.7,0.2,0,0,0.3,0.9,2.5,2393887
"404","Victor Oladipo","SG",26,"IND",36,36,31.9,6.9,16.3,0.423,2.1,6,0.343,4.9,10.3,0.47,0.486,2.9,3.9,0.73,0.6,5,5.6,5.2,1.7,0.3,2.3,2,18.8,2.1e+07
"405","Vince Carter","SF",42,"ATL",76,9,17.5,2.6,6.2,0.419,1.6,4.2,0.389,1,2,0.48,0.55,0.6,0.9,0.712,0.4,2.1,2.6,1.1,0.6,0.4,0.6,1.9,7.4,2393887
"406","Wade Baldwin","PG",22,"POR",16,0,5.9,0.6,2.1,0.303,0.1,0.6,0.222,0.5,1.5,0.333,0.333,0.5,0.7,0.727,0.1,0.8,0.9,0.8,0.1,0.1,0.9,0.7,1.9,1544951
"407","Wayne Ellington","SG",31,"TOT",53,38,24.5,3.5,8.6,0.403,2.6,7,0.371,0.9,1.6,0.541,0.554,0.7,0.9,0.796,0.3,1.8,2,1.4,1,0.1,0.8,1.7,10.3,6270000
"408","Wayne Selden","SG",24,"TOT",75,13,19.2,2.6,6.4,0.406,0.7,2.3,0.316,1.9,4.1,0.456,0.463,0.9,1.2,0.728,0.5,1.9,2.4,1.5,0.4,0.2,1.1,1.7,6.9,1544951
"409","Wendell Carter","C",19,"CHI",44,44,25.2,4.1,8.4,0.485,0.1,0.7,0.188,4,7.7,0.513,0.493,2,2.5,0.795,2,5,7,1.8,0.6,1.3,1.5,3.5,10.3,4441200
"410","Wesley Iwundu","SF",24,"ORL",68,13,18.1,1.7,4,0.412,0.4,1.2,0.367,1.2,2.9,0.431,0.465,1.2,1.5,0.816,0.5,2.2,2.7,1.1,0.4,0.3,0.6,1.8,5,1378242
"411","Wesley Johnson","SF",31,"TOT",38,13,14.1,1.2,3.4,0.352,0.7,2,0.329,0.5,1.4,0.385,0.449,0.3,0.5,0.684,0.3,1.6,1.9,0.6,0.4,0.3,0.5,1.7,3.4,6134520
"412","Wesley Matthews","SF-SG",32,"TOT",69,68,30.3,4,10.1,0.4,2.2,5.8,0.372,1.9,4.3,0.437,0.507,1.9,2.4,0.81,0.5,2,2.5,2.3,0.8,0.2,1.3,2.3,12.2,18622514
"413","Will Barton","SG",28,"DEN",43,38,27.7,4.3,10.7,0.402,1.6,4.6,0.342,2.7,6.1,0.447,0.475,1.3,1.7,0.77,0.7,3.9,4.6,2.9,0.4,0.5,1.5,1.9,11.5,11830358
"414","Willie Cauley-Stein","C",25,"SAC",81,81,27.3,5.1,9.1,0.556,0,0,0.5,5.1,9.1,0.556,0.557,1.7,3.1,0.551,2.2,6.1,8.4,2.4,1.2,0.6,1,2.8,11.9,4696875
"415","Willy Hernangomez","C",24,"CHO",58,3,14,2.6,5.1,0.519,0.3,0.7,0.385,2.4,4.4,0.539,0.544,1.7,2.5,0.694,2,3.3,5.4,1,0.3,0.3,1,1.7,7.3,1544951
"416","Wilson Chandler","PF-SF",31,"TOT",51,33,23.1,2.2,5.4,0.418,1.2,3.1,0.373,1.1,2.3,0.478,0.526,0.4,0.5,0.72,0.9,3.3,4.2,1.6,0.5,0.4,0.9,2.4,6,12800562
"417","Yogi Ferrell","PG",25,"SAC",71,3,15,2.2,5,0.435,0.8,2.1,0.362,1.4,2.9,0.488,0.511,0.8,0.9,0.896,0.2,1.4,1.5,1.9,0.5,0.1,0.6,0.9,5.9,3e+06
"418","Zach Collins","C",21,"POR",77,0,17.6,2.5,5.2,0.473,0.5,1.6,0.331,1.9,3.6,0.534,0.523,1.2,1.6,0.746,1.4,2.8,4.2,0.9,0.3,0.9,1,2.3,6.6,3628920
"419","Zach LaVine","SG",23,"CHI",63,62,34.5,8.4,18,0.467,1.9,5.1,0.374,6.5,12.9,0.504,0.52,5,6,0.832,0.6,4,4.7,4.5,1,0.4,3.4,2.2,23.7,19500000
"420","Zaza Pachulia","C",34,"DET",68,3,12.9,1.3,2.8,0.44,0,0.1,0,1.3,2.8,0.45,0.44,1.4,1.8,0.782,1.5,2.4,3.9,1.3,0.5,0.3,0.8,2.2,3.9,2393887
"421","Zhaire Smith","SG",19,"PHI",6,2,18.5,2.3,5.7,0.412,1,2.7,0.375,1.3,3,0.444,0.5,1,1.3,0.75,0.5,1.7,2.2,1.7,0.3,0.3,1,1.3,6.7,2611800
